Source,Target,Type,Id,Weight
6585,4145,Directed,8048,0
6585,4155,Directed,8049,0
6585,2839,Directed,8050,0
812,1223,Directed,8086,0
812,5666,Directed,8087,0
720,2240,Directed,8175,0
2530,6953,Directed,8191,0
6953,1848,Directed,8193,0
6953,4840,Directed,8194,0
1366,5346,Directed,8207,0
5747,1212,Directed,8243,0
6009,6650,Directed,8312,0
3712,3516,Directed,8325,0
2741,4806,Directed,8437,0
2741,5110,Directed,8438,0
504,4840,Directed,8536,0
2391,4516,Directed,8549,0
1178,4246,Directed,8623,0
1178,5834,Directed,8624,0
1178,5427,Directed,8625,0
1038,553,Directed,8634,0
1038,816,Directed,8635,0
5984,4173,Directed,8678,0
3432,4042,Directed,8723,0
3432,1833,Directed,8724,0
3432,5957,Directed,8725,0
3432,5443,Directed,8726,0
3432,6258,Directed,8727,0
3432,6267,Directed,8728,0
3432,4734,Directed,8729,0
3432,695,Directed,8730,0
3432,5056,Directed,8731,0
3432,5833,Directed,8732,0
3432,4977,Directed,8733,0
3432,730,Directed,8734,0
4595,201,Directed,8736,0
4595,5194,Directed,8737,0
4595,2588,Directed,8738,0
4595,4840,Directed,8739,0
4595,5387,Directed,8740,0
2331,553,Directed,8777,0
2331,4840,Directed,8778,0
2331,3221,Directed,8779,0
2331,3608,Directed,8780,0
2331,4068,Directed,8781,0
3599,4840,Directed,8852,0
3599,4390,Directed,8853,0
6393,6786,Directed,8920,0
1964,6198,Directed,8938,0
1964,4840,Directed,8939,0
1964,2463,Directed,8940,0
1964,5459,Directed,8941,0
1964,4145,Directed,8942,0
1964,6450,Directed,8943,0
4791,5346,Directed,8948,0
5899,4840,Directed,8990,0
5899,6393,Directed,8991,0
3366,6393,Directed,9003,0
3366,4840,Directed,9004,0
2936,4840,Directed,9013,0
3178,4840,Directed,9023,0
5736,797,Directed,9166,0
4301,1940,Directed,9212,0
156,6178,Directed,9326,0
2528,1200,Directed,9465,0
2528,5523,Directed,9466,0
2528,5666,Directed,9467,0
2368,4173,Directed,9533,0
1798,4173,Directed,9629,0
5434,1798,Directed,9655,0
6987,4840,Directed,9695,0
1940,3933,Directed,9715,0
5777,6781,Directed,9728,0
5777,4840,Directed,9729,0
5777,3010,Directed,9730,0
3010,4184,Directed,9759,0
3383,4184,Directed,9794,0
4883,2202,Directed,9801,0
4883,4840,Directed,9802,0
3959,1910,Directed,9939,0
1145,421,Directed,9984,0
1145,2431,Directed,9985,0
1145,5709,Directed,9986,0
4190,876,Directed,10125,0
4190,4169,Directed,10126,0
4190,1738,Directed,10127,0
4190,3831,Directed,10128,0
4190,5777,Directed,10129,0
4190,2167,Directed,10130,0
4190,1870,Directed,10131,0
4190,4246,Directed,10132,0
4190,5427,Directed,10133,0
4190,204,Directed,10134,0
4190,5660,Directed,10135,0
4190,5606,Directed,10136,0
4190,6906,Directed,10137,0
4190,19,Directed,10138,0
4190,5834,Directed,10139,0
4190,1404,Directed,10140,0
4190,869,Directed,10141,0
4190,4840,Directed,10142,0
5768,4375,Directed,10205,0
5768,4695,Directed,10206,0
5768,6416,Directed,10207,0
5768,4173,Directed,10208,0
5768,6435,Directed,10209,0
942,4840,Directed,10211,0
942,5387,Directed,10212,0
942,2588,Directed,10213,0
942,201,Directed,10214,0
942,5194,Directed,10215,0
4319,4883,Directed,10313,0
4319,4246,Directed,10314,0
3024,4840,Directed,10337,0
1999,4173,Directed,10421,0
1999,5878,Directed,10422,0
1999,4840,Directed,10423,0
1999,6966,Directed,10424,0
1999,4010,Directed,10425,0
1999,6546,Directed,10426,0
1999,718,Directed,10427,0
1999,3078,Directed,10428,0
1999,1417,Directed,10429,0
1999,1849,Directed,10430,0
1849,4840,Directed,10611,0
4010,4486,Directed,10678,0
4010,4840,Directed,10679,0
505,5387,Directed,10680,0
505,2588,Directed,10681,0
505,4840,Directed,10682,0
505,1978,Directed,10683,0
3048,3862,Directed,10709,0
849,2839,Directed,10713,0
1279,4840,Directed,10717,0
4278,4840,Directed,10743,0
1553,4840,Directed,10746,0
6179,4840,Directed,10749,0
5398,4840,Directed,10759,0
4946,3862,Directed,10766,0
48,4840,Directed,10781,0
6226,4840,Directed,10782,0
6226,5880,Directed,10783,0
4803,4840,Directed,10814,0
5666,2839,Directed,10817,0
4390,4240,Directed,10852,0
5698,3333,Directed,10870,0
5698,338,Directed,10871,0
5517,1276,Directed,10882,0
5517,338,Directed,10883,0
6214,338,Directed,10894,0
6214,5608,Directed,10895,0
3882,338,Directed,10917,0
338,4840,Directed,10928,0
1448,5901,Directed,11035,0
1448,6574,Directed,11036,0
1448,1004,Directed,11037,0
1160,3267,Directed,11140,0
1160,2839,Directed,11141,0
1160,2272,Directed,11142,0
4790,1368,Directed,11151,0
4790,2962,Directed,11152,0
4790,5569,Directed,11153,0
4790,2040,Directed,11154,0
4790,1136,Directed,11155,0
485,5346,Directed,11166,0
485,5857,Directed,11167,0
485,5984,Directed,11168,0
485,4249,Directed,11169,0
485,6128,Directed,11170,0
485,793,Directed,11171,0
485,1610,Directed,11172,0
485,1848,Directed,11173,0
485,2608,Directed,11174,0
485,3207,Directed,11175,0
485,1366,Directed,11176,0
485,5372,Directed,11177,0
485,6817,Directed,11178,0
485,5927,Directed,11179,0
485,688,Directed,11180,0
485,6522,Directed,11181,0
485,5721,Directed,11182,0
485,5917,Directed,11183,0
485,4441,Directed,11184,0
485,4753,Directed,11185,0
485,2856,Directed,11186,0
485,2219,Directed,11187,0
485,2286,Directed,11188,0
485,3846,Directed,11189,0
485,6319,Directed,11190,0
485,3293,Directed,11191,0
485,1999,Directed,11192,0
485,1364,Directed,11193,0
485,6912,Directed,11194,0
485,325,Directed,11195,0
485,1705,Directed,11196,0
485,6852,Directed,11197,0
485,6040,Directed,11198,0
485,1153,Directed,11199,0
485,1038,Directed,11200,0
485,2388,Directed,11201,0
485,5914,Directed,11202,0
485,3205,Directed,11203,0
485,6228,Directed,11204,0
485,152,Directed,11205,0
485,4853,Directed,11206,0
485,783,Directed,11207,0
485,491,Directed,11208,0
485,36,Directed,11209,0
485,3513,Directed,11210,0
485,3039,Directed,11211,0
485,3263,Directed,11212,0
485,4231,Directed,11213,0
485,4190,Directed,11214,0
485,982,Directed,11215,0
485,662,Directed,11216,0
485,1178,Directed,11217,0
485,4065,Directed,11218,0
485,3695,Directed,11219,0
485,2552,Directed,11220,0
485,6436,Directed,11221,0
485,2407,Directed,11222,0
485,5558,Directed,11223,0
485,1448,Directed,11224,0
485,2999,Directed,11225,0
485,5104,Directed,11226,0
485,6081,Directed,11227,0
485,504,Directed,11228,0
485,3099,Directed,11229,0
485,5561,Directed,11230,0
485,2029,Directed,11231,0
485,4491,Directed,11232,0
485,5797,Directed,11233,0
485,6578,Directed,11234,0
485,3991,Directed,11235,0
485,2016,Directed,11236,0
485,5046,Directed,11237,0
485,876,Directed,11238,0
485,2332,Directed,11239,0
485,838,Directed,11240,0
485,2522,Directed,11241,0
485,6189,Directed,11242,0
485,4475,Directed,11243,0
485,2350,Directed,11244,0
485,734,Directed,11245,0
485,5768,Directed,11246,0
485,1785,Directed,11247,0
485,3449,Directed,11248,0
485,6789,Directed,11249,0
485,2091,Directed,11250,0
485,3346,Directed,11251,0
485,817,Directed,11252,0
485,2221,Directed,11253,0
485,4319,Directed,11254,0
485,1594,Directed,11255,0
485,498,Directed,11256,0
485,615,Directed,11257,0
485,6321,Directed,11258,0
485,1382,Directed,11259,0
485,6906,Directed,11260,0
485,1830,Directed,11261,0
485,1371,Directed,11262,0
485,2331,Directed,11263,0
485,1469,Directed,11264,0
485,5696,Directed,11265,0
485,3024,Directed,11266,0
485,1563,Directed,11267,0
485,3453,Directed,11268,0
838,4173,Directed,11302,0
2029,5592,Directed,11350,0
2029,4257,Directed,11351,0
2029,4984,Directed,11352,0
2029,4657,Directed,11353,0
5991,2618,Directed,11361,0
5991,6006,Directed,11362,0
5991,5804,Directed,11363,0
5991,6060,Directed,11364,0
5991,2879,Directed,11365,0
5991,1017,Directed,11366,0
5991,4401,Directed,11367,0
5991,3699,Directed,11368,0
5991,2834,Directed,11369,0
5991,2785,Directed,11370,0
5991,1493,Directed,11371,0
5991,2795,Directed,11372,0
5991,1174,Directed,11373,0
5991,3463,Directed,11374,0
5991,1229,Directed,11375,0
3840,2653,Directed,11379,0
3840,3924,Directed,11380,0
3840,1463,Directed,11381,0
3840,3651,Directed,11382,0
3840,440,Directed,11383,0
3840,3303,Directed,11384,0
3840,2048,Directed,11385,0
3840,4182,Directed,11386,0
3840,3643,Directed,11387,0
3840,5679,Directed,11388,0
3840,3989,Directed,11389,0
3840,544,Directed,11390,0
3840,2898,Directed,11391,0
3840,918,Directed,11392,0
3840,4442,Directed,11393,0
3840,681,Directed,11394,0
3840,5048,Directed,11395,0
3840,2536,Directed,11396,0
3840,3689,Directed,11397,0
3840,1363,Directed,11398,0
3840,6731,Directed,11399,0
3840,6004,Directed,11400,0
3840,6191,Directed,11401,0
3840,2589,Directed,11402,0
3840,6807,Directed,11403,0
3840,4644,Directed,11404,0
3840,5459,Directed,11405,0
3840,1606,Directed,11406,0
3840,1089,Directed,11407,0
3840,3511,Directed,11408,0
3840,6086,Directed,11409,0
3840,301,Directed,11410,0
2440,449,Directed,11455,0
2440,1120,Directed,11456,0
4383,4492,Directed,11458,0
4383,449,Directed,11459,0
5988,4840,Directed,11461,0
5988,5387,Directed,11462,0
5988,2588,Directed,11463,0
5988,201,Directed,11464,0
5988,5194,Directed,11465,0
793,342,Directed,11470,0
793,449,Directed,11471,0
6228,449,Directed,11474,0
6228,5424,Directed,11475,0
6272,4840,Directed,11488,0
3057,4840,Directed,11505,0
1509,2642,Directed,11516,0
1509,2839,Directed,11517,0
6122,2438,Directed,11803,0
6122,3136,Directed,11804,0
6122,4173,Directed,11805,0
6122,3241,Directed,11806,0
6122,5346,Directed,11807,0
6697,3241,Directed,11935,0
6697,2438,Directed,11936,0
3435,3241,Directed,12109,0
3435,4379,Directed,12110,0
3435,4173,Directed,12111,0
3435,2438,Directed,12112,0
5397,4840,Directed,12114,0
6618,3136,Directed,12116,0
6618,5346,Directed,12117,0
6618,4865,Directed,12118,0
6618,4840,Directed,12119,0
6618,3399,Directed,12120,0
1469,4173,Directed,12139,0
4259,424,Directed,12323,0
1004,876,Directed,12437,0
1004,6697,Directed,12438,0
1004,3331,Directed,12439,0
1004,1977,Directed,12440,0
1004,6906,Directed,12441,0
1004,2882,Directed,12442,0
4450,876,Directed,12489,0
4450,6906,Directed,12490,0
4450,245,Directed,12491,0
4450,3435,Directed,12492,0
4475,2762,Directed,12511,0
4475,587,Directed,12512,0
5372,4155,Directed,12519,0
5372,4145,Directed,12520,0
5372,923,Directed,12521,0
5372,932,Directed,12522,0
5372,1563,Directed,12523,0
5372,5333,Directed,12524,0
5372,4587,Directed,12525,0
5372,4840,Directed,12526,0
5372,5346,Directed,12527,0
5372,1523,Directed,12528,0
5372,2463,Directed,12529,0
5372,2349,Directed,12530,0
5372,1440,Directed,12531,0
5734,5397,Directed,12533,0
5734,1964,Directed,12534,0
5734,5611,Directed,12535,0
5734,6611,Directed,12536,0
662,3474,Directed,12567,0
662,995,Directed,12568,0
662,6906,Directed,12569,0
36,5160,Directed,12601,0
36,937,Directed,12602,0
36,615,Directed,12603,0
36,498,Directed,12604,0
36,5657,Directed,12605,0
36,6214,Directed,12606,0
36,4791,Directed,12607,0
36,5517,Directed,12608,0
36,5143,Directed,12609,0
36,5986,Directed,12610,0
36,5344,Directed,12611,0
36,6357,Directed,12612,0
36,876,Directed,12613,0
36,2157,Directed,12614,0
36,5434,Directed,12615,0
36,6668,Directed,12616,0
36,2501,Directed,12617,0
36,5718,Directed,12618,0
36,6690,Directed,12619,0
36,3987,Directed,12620,0
36,1289,Directed,12621,0
36,1823,Directed,12622,0
36,3882,Directed,12623,0
36,1182,Directed,12624,0
36,1899,Directed,12625,0
36,2286,Directed,12626,0
36,6906,Directed,12627,0
36,642,Directed,12628,0
36,4506,Directed,12629,0
36,2894,Directed,12630,0
36,4095,Directed,12631,0
36,5698,Directed,12632,0
36,4249,Directed,12633,0
36,6069,Directed,12634,0
36,5637,Directed,12635,0
36,3991,Directed,12636,0
36,1450,Directed,12637,0
36,4324,Directed,12638,0
6614,5611,Directed,12640,0
6614,6611,Directed,12641,0
6614,1964,Directed,12642,0
6614,6618,Directed,12643,0
982,937,Directed,12668,0
982,3501,Directed,12669,0
982,4760,Directed,12670,0
982,6307,Directed,12671,0
982,119,Directed,12672,0
982,6750,Directed,12673,0
982,6906,Directed,12674,0
982,6345,Directed,12675,0
982,55,Directed,12676,0
982,876,Directed,12677,0
982,3754,Directed,12678,0
982,5571,Directed,12679,0
982,1800,Directed,12680,0
982,56,Directed,12681,0
982,167,Directed,12682,0
982,215,Directed,12683,0
982,2508,Directed,12684,0
982,3474,Directed,12685,0
982,1258,Directed,12686,0
982,2603,Directed,12687,0
982,1489,Directed,12688,0
982,2163,Directed,12689,0
982,6037,Directed,12690,0
5857,5947,Directed,12714,0
5857,5289,Directed,12715,0
5857,4249,Directed,12716,0
5857,6069,Directed,12717,0
5857,615,Directed,12718,0
5857,6122,Directed,12719,0
5857,5079,Directed,12720,0
5857,6307,Directed,12721,0
5857,2286,Directed,12722,0
5857,498,Directed,12723,0
5857,2375,Directed,12724,0
5857,6668,Directed,12725,0
5857,3501,Directed,12726,0
5857,642,Directed,12727,0
5857,6906,Directed,12728,0
5857,6750,Directed,12729,0
5857,5344,Directed,12730,0
5857,4324,Directed,12731,0
5857,876,Directed,12732,0
5857,3991,Directed,12733,0
6040,6357,Directed,12765,0
6040,6126,Directed,12766,0
6040,3987,Directed,12767,0
6040,4791,Directed,12768,0
6040,4022,Directed,12769,0
6040,2157,Directed,12770,0
6040,6690,Directed,12771,0
6040,5698,Directed,12772,0
6040,1004,Directed,12773,0
6040,6385,Directed,12774,0
6040,5718,Directed,12775,0
6040,5517,Directed,12776,0
6040,4506,Directed,12777,0
6040,5657,Directed,12778,0
6040,6214,Directed,12779,0
6040,6372,Directed,12780,0
6040,6906,Directed,12781,0
6040,1261,Directed,12782,0
6040,1903,Directed,12783,0
6040,788,Directed,12784,0
6040,1289,Directed,12785,0
6040,4450,Directed,12786,0
6040,1450,Directed,12787,0
6040,5637,Directed,12788,0
6040,595,Directed,12789,0
6040,1899,Directed,12790,0
6040,2894,Directed,12791,0
6040,2501,Directed,12792,0
6040,1182,Directed,12793,0
6040,5986,Directed,12794,0
6040,1513,Directed,12795,0
6040,4095,Directed,12796,0
6040,876,Directed,12797,0
6040,4811,Directed,12798,0
6040,3628,Directed,12799,0
6040,1137,Directed,12800,0
6040,1823,Directed,12801,0
6040,3882,Directed,12802,0
6040,4053,Directed,12803,0
5637,4173,Directed,12895,0
5637,5346,Directed,12896,0
1450,5346,Directed,13135,0
5611,3280,Directed,13137,0
5611,5837,Directed,13138,0
5611,1998,Directed,13139,0
5611,1757,Directed,13140,0
1830,5837,Directed,13142,0
1830,3280,Directed,13143,0
4441,6345,Directed,13160,0
4441,3754,Directed,13161,0
4441,876,Directed,13162,0
4441,5571,Directed,13163,0
4441,2508,Directed,13164,0
4441,215,Directed,13165,0
4441,1258,Directed,13166,0
4441,55,Directed,13167,0
4441,4760,Directed,13168,0
3987,2158,Directed,13302,0
5657,6839,Directed,13573,0
5344,4173,Directed,13783,0
3410,4145,Directed,13946,0
3410,4840,Directed,13947,0
4824,2319,Directed,13948,0
4824,6450,Directed,13949,0
4824,6198,Directed,13950,0
4824,3410,Directed,13951,0
4824,5459,Directed,13952,0
5986,3230,Directed,13973,0
5986,4608,Directed,13974,0
5986,5911,Directed,13975,0
5986,6164,Directed,13976,0
5986,4259,Directed,13977,0
5986,6867,Directed,13978,0
5986,1032,Directed,13979,0
5986,3222,Directed,13980,0
5986,291,Directed,13981,0
5986,5968,Directed,13982,0
5986,2943,Directed,13983,0
3230,5346,Directed,13999,0
6611,1835,Directed,14001,0
6385,4840,Directed,14317,0
6385,5346,Directed,14318,0
6385,4486,Directed,14319,0
6668,4173,Directed,14340,0
164,452,Directed,14583,0
2194,2523,Directed,14697,0
5285,5469,Directed,14709,0
5285,2194,Directed,14710,0
4520,3328,Directed,14716,0
5450,2523,Directed,14730,0
5450,6785,Directed,14731,0
6645,293,Directed,14734,0
6645,942,Directed,14735,0
6645,5387,Directed,14736,0
6645,6401,Directed,14737,0
6645,3551,Directed,14738,0
6645,4840,Directed,14739,0
6645,1509,Directed,14740,0
6645,4595,Directed,14741,0
6645,5988,Directed,14742,0
6645,2588,Directed,14743,0
6398,4840,Directed,14744,0
5030,4840,Directed,14746,0
3551,1978,Directed,14747,0
2147,2839,Directed,14837,0
2778,2839,Directed,14911,0
5514,6978,Directed,15060,0
5514,4840,Directed,15061,0
1198,5349,Directed,15100,0
1198,2446,Directed,15101,0
1198,6509,Directed,15102,0
1198,877,Directed,15103,0
285,6876,Directed,15147,0
6786,4840,Directed,15151,0
845,6440,Directed,15180,0
845,4840,Directed,15181,0
845,6444,Directed,15182,0
1737,285,Directed,15219,0
1737,1198,Directed,15220,0
1737,2240,Directed,15221,0
1737,6876,Directed,15222,0
6164,5346,Directed,15280,0
6164,5326,Directed,15281,0
1699,5346,Directed,15286,0
2894,4173,Directed,15443,0
1945,5246,Directed,15672,0
6137,726,Directed,15676,0
2882,4840,Directed,15745,0
3331,5346,Directed,15768,0
2286,4840,Directed,15794,0
5184,5652,Directed,15824,0
5184,4753,Directed,15825,0
5184,999,Directed,15826,0
5184,4840,Directed,15827,0
1958,5652,Directed,15867,0
1958,2180,Directed,15868,0
1958,1785,Directed,15869,0
1958,3191,Directed,15870,0
1958,4753,Directed,15871,0
1958,152,Directed,15872,0
1958,781,Directed,15873,0
1958,271,Directed,15874,0
1958,4840,Directed,15875,0
1958,176,Directed,15876,0
4178,1785,Directed,15901,0
4178,271,Directed,15902,0
4178,4840,Directed,15903,0
4178,4753,Directed,15904,0
2700,772,Directed,15911,0
2700,4840,Directed,15912,0
2700,1374,Directed,15913,0
2016,4168,Directed,15959,0
2016,4840,Directed,15960,0
6597,5539,Directed,16026,0
6597,4486,Directed,16027,0
6194,4486,Directed,16071,0
6194,764,Directed,16072,0
6813,452,Directed,16136,0
6813,4840,Directed,16137,0
6001,4840,Directed,16170,0
6001,6473,Directed,16171,0
6001,6193,Directed,16172,0
1308,4840,Directed,16225,0
1308,1271,Directed,16226,0
1308,6519,Directed,16227,0
4407,2839,Directed,16255,0
3705,4407,Directed,16280,0
3705,2839,Directed,16281,0
6263,616,Directed,16319,0
6263,4766,Directed,16320,0
6263,3482,Directed,16321,0
5558,5000,Directed,16345,0
5558,3647,Directed,16346,0
5558,4278,Directed,16347,0
3647,2103,Directed,16362,0
3647,4840,Directed,16363,0
1497,4840,Directed,16415,0
4941,4840,Directed,16469,0
3846,4840,Directed,16514,0
3559,4840,Directed,16919,0
3559,1187,Directed,16920,0
3034,4939,Directed,16979,0
4109,4939,Directed,16998,0
3894,5346,Directed,17021,0
340,4840,Directed,17025,0
340,2459,Directed,17026,0
2459,1892,Directed,17029,0
2459,1278,Directed,17030,0
4921,4840,Directed,17033,0
4921,4145,Directed,17034,0
4921,3564,Directed,17035,0
6311,849,Directed,17039,0
6311,4921,Directed,17040,0
6311,5588,Directed,17041,0
6311,4840,Directed,17042,0
5588,4605,Directed,17048,0
5588,2860,Directed,17049,0
3564,5194,Directed,17052,0
3564,4488,Directed,17053,0
3564,5387,Directed,17054,0
3564,4840,Directed,17055,0
6319,1848,Directed,17080,0
6319,2940,Directed,17081,0
6319,564,Directed,17082,0
6319,3995,Directed,17083,0
6319,6624,Directed,17084,0
6319,3559,Directed,17085,0
6319,3894,Directed,17086,0
6319,5588,Directed,17087,0
6319,2665,Directed,17088,0
6319,6157,Directed,17089,0
6319,5368,Directed,17090,0
6319,2459,Directed,17091,0
6319,3034,Directed,17092,0
6319,1282,Directed,17093,0
6319,4109,Directed,17094,0
1246,340,Directed,17097,0
1246,1057,Directed,17098,0
1246,6311,Directed,17099,0
1246,2940,Directed,17100,0
2594,1271,Directed,17109,0
3966,4840,Directed,17115,0
6008,4840,Directed,17131,0
3769,5709,Directed,17242,0
3769,1499,Directed,17243,0
3769,758,Directed,17244,0
3769,5098,Directed,17245,0
3769,1254,Directed,17246,0
3769,4519,Directed,17247,0
3769,421,Directed,17248,0
3769,3981,Directed,17249,0
3769,6609,Directed,17250,0
3769,820,Directed,17251,0
3769,4130,Directed,17252,0
3769,1894,Directed,17253,0
4856,4112,Directed,17261,0
4856,5274,Directed,17262,0
4856,2029,Directed,17263,0
5274,4578,Directed,17266,0
5274,5592,Directed,17267,0
5274,720,Directed,17268,0
5274,5263,Directed,17269,0
4112,421,Directed,17329,0
4112,4768,Directed,17330,0
4112,3047,Directed,17331,0
4112,1145,Directed,17332,0
4112,5098,Directed,17333,0
1382,4112,Directed,17386,0
1382,2610,Directed,17387,0
1382,5346,Directed,17388,0
1382,1563,Directed,17389,0
1382,3769,Directed,17390,0
5545,8,Directed,17392,0
2979,5545,Directed,17393,0
2979,3990,Directed,17394,0
2979,2319,Directed,17395,0
2979,6450,Directed,17396,0
2979,6198,Directed,17397,0
2979,2463,Directed,17398,0
2979,5459,Directed,17399,0
8,5341,Directed,17401,0
2248,4840,Directed,17403,0
2248,4145,Directed,17404,0
5412,4817,Directed,17414,0
5412,5183,Directed,17415,0
5412,5228,Directed,17416,0
5412,2533,Directed,17417,0
371,2839,Directed,17421,0
371,5965,Directed,17422,0
6591,2839,Directed,17424,0
2762,4840,Directed,17459,0
4494,2839,Directed,17468,0
6482,2839,Directed,17476,0
2507,4627,Directed,17477,0
6259,6132,Directed,17492,0
6259,2071,Directed,17493,0
6259,2931,Directed,17494,0
4130,5589,Directed,17557,0
4130,358,Directed,17558,0
4130,1715,Directed,17559,0
4130,1567,Directed,17560,0
4130,4370,Directed,17561,0
4130,5430,Directed,17562,0
4130,721,Directed,17563,0
4130,1338,Directed,17564,0
4130,4576,Directed,17565,0
4130,713,Directed,17566,0
4130,605,Directed,17567,0
6881,2724,Directed,17770,0
6881,6509,Directed,17771,0
5709,1254,Directed,17812,0
820,1254,Directed,17823,0
820,6881,Directed,17824,0
820,2724,Directed,17825,0
820,5709,Directed,17826,0
2395,4421,Directed,17832,0
2395,1529,Directed,17833,0
2395,6906,Directed,17834,0
2395,2272,Directed,17835,0
2395,3534,Directed,17836,0
2395,876,Directed,17837,0
2395,616,Directed,17838,0
2395,3267,Directed,17839,0
5244,2272,Directed,17845,0
5244,876,Directed,17846,0
5244,3534,Directed,17847,0
5244,616,Directed,17848,0
5244,3267,Directed,17849,0
5244,2475,Directed,17850,0
5244,1529,Directed,17851,0
5244,4421,Directed,17852,0
5244,506,Directed,17853,0
5244,6906,Directed,17854,0
5972,520,Directed,17861,0
4684,419,Directed,17880,0
4684,1965,Directed,17881,0
1421,1965,Directed,17915,0
1421,419,Directed,17916,0
525,419,Directed,17940,0
525,1965,Directed,17941,0
4231,6124,Directed,17965,0
4231,6766,Directed,17966,0
4231,6290,Directed,17967,0
4231,4131,Directed,17968,0
5672,419,Directed,18033,0
5672,1965,Directed,18034,0
513,419,Directed,18078,0
513,1965,Directed,18079,0
5938,1965,Directed,18099,0
5938,419,Directed,18100,0
977,1965,Directed,18159,0
977,419,Directed,18160,0
616,2839,Directed,18247,0
2067,5666,Directed,18249,0
2067,6414,Directed,18250,0
2067,1200,Directed,18251,0
1917,2839,Directed,18281,0
5346,5117,Directed,18319,0
5346,1200,Directed,18320,0
5346,893,Directed,18321,0
5346,5666,Directed,18322,0
2349,5523,Directed,18325,0
2349,5666,Directed,18326,0
2349,1200,Directed,18327,0
6852,5666,Directed,18329,0
6852,5117,Directed,18330,0
6852,1200,Directed,18331,0
5562,2031,Directed,18337,0
1775,2031,Directed,18345,0
2600,2031,Directed,18353,0
6850,6917,Directed,18363,0
6850,6650,Directed,18364,0
5105,6650,Directed,18372,0
5105,6917,Directed,18373,0
5111,6917,Directed,18381,0
5111,6650,Directed,18382,0
4633,5666,Directed,18399,0
4633,893,Directed,18400,0
4633,1200,Directed,18401,0
4633,5117,Directed,18402,0
869,5666,Directed,18407,0
869,5117,Directed,18408,0
869,1200,Directed,18409,0
3749,1200,Directed,18412,0
3749,5523,Directed,18413,0
3749,5666,Directed,18414,0
3775,2839,Directed,18442,0
1563,5666,Directed,18484,0
1563,5117,Directed,18485,0
1563,1200,Directed,18486,0
3921,4145,Directed,18490,0
3921,2839,Directed,18491,0
5880,1200,Directed,18496,0
5880,5117,Directed,18497,0
5880,5666,Directed,18498,0
1700,2839,Directed,18508,0
1440,1978,Directed,18532,0
1440,6288,Directed,18533,0
5459,2839,Directed,18538,0
4055,2261,Directed,18550,0
4055,1714,Directed,18551,0
4055,5274,Directed,18552,0
4055,4112,Directed,18553,0
4055,3928,Directed,18554,0
4055,3774,Directed,18555,0
4055,1663,Directed,18556,0
4055,2029,Directed,18557,0
5086,4840,Directed,18567,0
6902,5285,Directed,18569,0
1955,4840,Directed,18574,0
4869,4840,Directed,18578,0
1846,4840,Directed,18581,0
6907,4840,Directed,18587,0
3718,4840,Directed,18595,0
5232,4840,Directed,18606,0
6382,5469,Directed,18613,0
6814,4840,Directed,18619,0
3202,4840,Directed,18628,0
2975,4840,Directed,18630,0
239,4520,Directed,18632,0
592,4840,Directed,18637,0
4362,4840,Directed,18642,0
1555,4840,Directed,18644,0
4447,4840,Directed,18646,0
4909,4840,Directed,18648,0
1910,5349,Directed,18698,0
1757,5387,Directed,18702,0
1757,4790,Directed,18703,0
1757,4327,Directed,18704,0
1757,5194,Directed,18705,0
1757,4488,Directed,18706,0
1757,4840,Directed,18707,0
1757,1866,Directed,18708,0
1757,3748,Directed,18709,0
5837,3552,Directed,18713,0
5837,5346,Directed,18714,0
676,4753,Directed,18728,0
676,4155,Directed,18729,0
676,4840,Directed,18730,0
676,4145,Directed,18731,0
3424,4840,Directed,18755,0
3424,4145,Directed,18756,0
3424,4155,Directed,18757,0
3424,676,Directed,18758,0
3457,4840,Directed,18762,0
5068,1785,Directed,18824,0
5068,3749,Directed,18825,0
5068,6374,Directed,18826,0
2332,876,Directed,18837,0
2332,1785,Directed,18838,0
2332,249,Directed,18839,0
2332,67,Directed,18840,0
2332,869,Directed,18841,0
2332,2463,Directed,18842,0
2332,6906,Directed,18843,0
2332,2349,Directed,18844,0
2332,5346,Directed,18845,0
2332,5579,Directed,18846,0
2332,1361,Directed,18847,0
2332,4587,Directed,18848,0
2332,6450,Directed,18849,0
2332,779,Directed,18850,0
2332,4338,Directed,18851,0
2332,3424,Directed,18852,0
6060,1785,Directed,18853,0
3451,2463,Directed,18884,0
3451,5579,Directed,18885,0
3451,3532,Directed,18886,0
3451,4840,Directed,18887,0
3451,781,Directed,18888,0
3451,6198,Directed,18889,0
3451,5459,Directed,18890,0
3451,4155,Directed,18891,0
3451,2748,Directed,18892,0
3451,932,Directed,18893,0
3451,6450,Directed,18894,0
3451,4145,Directed,18895,0
3451,4587,Directed,18896,0
6934,4840,Directed,18906,0
3207,3919,Directed,18910,0
3207,4452,Directed,18911,0
4452,4840,Directed,18931,0
4452,6711,Directed,18932,0
4452,718,Directed,18933,0
4452,5619,Directed,18934,0
3919,6711,Directed,18956,0
3919,4840,Directed,18957,0
3919,6934,Directed,18958,0
3919,5619,Directed,18959,0
3919,718,Directed,18960,0
4408,5333,Directed,18962,0
831,5333,Directed,18964,0
3186,5333,Directed,18966,0
1150,781,Directed,18985,0
1150,4753,Directed,18986,0
1150,4840,Directed,18987,0
5579,932,Directed,18991,0
5579,5333,Directed,18992,0
5579,831,Directed,18993,0
5579,1785,Directed,18994,0
5579,1440,Directed,18995,0
5579,4408,Directed,18996,0
5579,923,Directed,18997,0
5579,781,Directed,18998,0
779,4145,Directed,19003,0
779,5333,Directed,19004,0
779,5346,Directed,19005,0
779,4155,Directed,19006,0
779,1440,Directed,19007,0
779,1563,Directed,19008,0
779,2349,Directed,19009,0
67,4145,Directed,19018,0
67,4840,Directed,19019,0
67,6061,Directed,19020,0
67,718,Directed,19021,0
67,4155,Directed,19022,0
6374,1785,Directed,19026,0
6374,1150,Directed,19027,0
6374,1378,Directed,19028,0
6374,5694,Directed,19029,0
6374,4840,Directed,19030,0
516,4390,Directed,19048,0
516,3599,Directed,19049,0
1705,2620,Directed,19107,0
1705,1497,Directed,19108,0
1705,1797,Directed,19109,0
1705,4783,Directed,19110,0
3263,5987,Directed,19178,0
3263,6246,Directed,19179,0
3263,2620,Directed,19180,0
3263,3383,Directed,19181,0
3263,2072,Directed,19182,0
3263,4373,Directed,19183,0
3263,990,Directed,19184,0
3263,164,Directed,19185,0
3263,3886,Directed,19186,0
3263,1797,Directed,19187,0
3263,4941,Directed,19188,0
3263,6813,Directed,19189,0
3263,6224,Directed,19190,0
3263,246,Directed,19191,0
3263,6737,Directed,19192,0
5743,4840,Directed,19207,0
6043,4840,Directed,19221,0
2032,2839,Directed,19287,0
2032,4753,Directed,19288,0
2032,781,Directed,19289,0
4309,1346,Directed,19313,0
4309,6791,Directed,19314,0
2235,5666,Directed,19329,0
2235,2839,Directed,19330,0
1227,1223,Directed,19335,0
1227,5666,Directed,19336,0
1227,893,Directed,19337,0
1227,1200,Directed,19338,0
755,1254,Directed,19362,0
755,1198,Directed,19363,0
755,5709,Directed,19364,0
6401,1514,Directed,19434,0
6401,5553,Directed,19435,0
6401,1697,Directed,19436,0
6401,3887,Directed,19437,0
5263,285,Directed,19486,0
5263,755,Directed,19487,0
3887,1978,Directed,19527,0
4891,6885,Directed,19555,0
5712,4840,Directed,19571,0
3617,4840,Directed,19572,0
3617,6088,Directed,19573,0
4337,2032,Directed,19580,0
712,4840,Directed,19594,0
712,1736,Directed,19595,0
1353,1327,Directed,19605,0
4867,1819,Directed,19616,0
1721,4840,Directed,19633,0
958,1091,Directed,19648,0
958,2940,Directed,19649,0
958,6470,Directed,19650,0
958,1386,Directed,19651,0
958,3009,Directed,19652,0
958,3057,Directed,19653,0
958,5051,Directed,19654,0
958,1848,Directed,19655,0
958,6272,Directed,19656,0
1403,6885,Directed,19665,0
3026,5184,Directed,19671,0
3026,4876,Directed,19672,0
3026,1744,Directed,19673,0
3026,1785,Directed,19674,0
3026,5726,Directed,19675,0
3026,5627,Directed,19676,0
3026,6641,Directed,19677,0
3026,3550,Directed,19678,0
3026,1958,Directed,19679,0
3026,823,Directed,19680,0
3026,1239,Directed,19681,0
3026,4178,Directed,19682,0
3026,2557,Directed,19683,0
3026,754,Directed,19684,0
3026,4753,Directed,19685,0
3026,505,Directed,19686,0
3026,6326,Directed,19687,0
3026,5367,Directed,19688,0
3026,3354,Directed,19689,0
3026,4059,Directed,19690,0
3026,986,Directed,19691,0
3026,4770,Directed,19692,0
3026,6906,Directed,19693,0
3026,6398,Directed,19694,0
3026,6645,Directed,19695,0
3026,4988,Directed,19696,0
3026,876,Directed,19697,0
3026,3677,Directed,19698,0
3026,2786,Directed,19699,0
3026,4440,Directed,19700,0
3026,2172,Directed,19701,0
3026,1550,Directed,19702,0
3193,4856,Directed,19708,0
3193,5346,Directed,19709,0
3193,2530,Directed,19710,0
3193,5934,Directed,19711,0
3193,6443,Directed,19712,0
3193,6789,Directed,19713,0
3193,5991,Directed,19714,0
3193,6081,Directed,19715,0
3193,5734,Directed,19716,0
3193,4383,Directed,19717,0
3193,1140,Directed,19718,0
3193,5046,Directed,19719,0
3193,1283,Directed,19720,0
3193,3319,Directed,19721,0
3193,2372,Directed,19722,0
3193,6600,Directed,19723,0
3193,4891,Directed,19724,0
3193,2153,Directed,19725,0
3193,2932,Directed,19726,0
3193,3021,Directed,19727,0
3193,1685,Directed,19728,0
3193,6624,Directed,19729,0
3193,3304,Directed,19730,0
3193,6885,Directed,19731,0
3193,5459,Directed,19732,0
3193,1246,Directed,19733,0
3193,4355,Directed,19734,0
3193,2701,Directed,19735,0
3193,3467,Directed,19736,0
3193,876,Directed,19737,0
3193,5040,Directed,19738,0
3193,5532,Directed,19739,0
3193,4942,Directed,19740,0
3193,6787,Directed,19741,0
3193,1588,Directed,19742,0
3193,4374,Directed,19743,0
3193,1848,Directed,19744,0
3193,3840,Directed,19745,0
3193,775,Directed,19746,0
3193,1565,Directed,19747,0
3193,4069,Directed,19748,0
3193,3432,Directed,19749,0
3193,2999,Directed,19750,0
3193,3728,Directed,19751,0
3193,2005,Directed,19752,0
3193,1610,Directed,19753,0
3193,5068,Directed,19754,0
3193,6614,Directed,19755,0
3193,5951,Directed,19756,0
3193,4753,Directed,19757,0
3193,3706,Directed,19758,0
3193,5840,Directed,19759,0
3193,4276,Directed,19760,0
3193,5561,Directed,19761,0
3193,4672,Directed,19762,0
3193,6374,Directed,19763,0
3193,3748,Directed,19764,0
3193,4640,Directed,19765,0
3193,4840,Directed,19766,0
3193,6906,Directed,19767,0
3193,2382,Directed,19768,0
3193,5127,Directed,19769,0
4852,2560,Directed,19783,0
4852,3847,Directed,19784,0
4852,6906,Directed,19785,0
4852,4840,Directed,19786,0
4852,5475,Directed,19787,0
4852,507,Directed,19788,0
4852,1149,Directed,19789,0
4852,4753,Directed,19790,0
4852,684,Directed,19791,0
4852,876,Directed,19792,0
4852,4237,Directed,19793,0
4852,3617,Directed,19794,0
1971,754,Directed,19795,0
1971,5006,Directed,19796,0
1971,3354,Directed,19797,0
1971,5367,Directed,19798,0
1282,5965,Directed,19803,0
1282,4997,Directed,19804,0
2372,4840,Directed,19817,0
2372,6458,Directed,19818,0
2372,1279,Directed,19819,0
2372,6450,Directed,19820,0
2372,6204,Directed,19821,0
2372,3862,Directed,19822,0
2372,1785,Directed,19823,0
2372,651,Directed,19824,0
2372,1847,Directed,19825,0
2372,1147,Directed,19826,0
2372,59,Directed,19827,0
2372,6259,Directed,19828,0
301,5459,Directed,19859,0
301,6450,Directed,19860,0
301,2839,Directed,19861,0
301,4145,Directed,19862,0
301,2463,Directed,19863,0
301,6198,Directed,19864,0
6609,3959,Directed,19929,0
6609,5349,Directed,19930,0
6609,2486,Directed,19931,0
4492,555,Directed,19977,0
4492,781,Directed,19978,0
4492,894,Directed,19979,0
4492,2408,Directed,19980,0
4492,6098,Directed,19981,0
4492,6327,Directed,19982,0
4492,5238,Directed,19983,0
4492,6858,Directed,19984,0
4492,3733,Directed,19985,0
4492,3826,Directed,19986,0
1847,4145,Directed,19991,0
1847,4840,Directed,19992,0
59,4145,Directed,20004,0
651,4145,Directed,20016,0
6204,4840,Directed,20033,0
6204,4145,Directed,20034,0
2999,5346,Directed,20037,0
2999,876,Directed,20038,0
2999,6906,Directed,20039,0
2999,547,Directed,20040,0
234,6393,Directed,20048,0
234,4840,Directed,20049,0
5766,6393,Directed,20058,0
5766,4840,Directed,20059,0
4765,1866,Directed,20069,0
4765,4790,Directed,20070,0
4765,5387,Directed,20071,0
4765,4327,Directed,20072,0
4765,4488,Directed,20073,0
4765,4840,Directed,20074,0
4765,5194,Directed,20075,0
1552,3552,Directed,20083,0
1552,5346,Directed,20084,0
3695,4246,Directed,20164,0
3695,5427,Directed,20165,0
3695,5834,Directed,20166,0
1153,5987,Directed,20265,0
1153,2072,Directed,20266,0
1153,4695,Directed,20267,0
1153,6813,Directed,20268,0
1153,6737,Directed,20269,0
1153,164,Directed,20270,0
1153,4375,Directed,20271,0
3039,4486,Directed,20323,0
3039,6571,Directed,20324,0
3039,2883,Directed,20325,0
1744,3917,Directed,20326,0
6436,5951,Directed,20384,0
6436,718,Directed,20385,0
6436,6711,Directed,20386,0
5951,6711,Directed,20395,0
5951,718,Directed,20396,0
597,1789,Directed,20405,0
597,6230,Directed,20406,0
511,2962,Directed,20417,0
511,1368,Directed,20418,0
511,2040,Directed,20419,0
511,1136,Directed,20420,0
511,5569,Directed,20421,0
1908,850,Directed,20459,0
1908,1789,Directed,20460,0
1908,2507,Directed,20461,0
2186,2507,Directed,20466,0
1587,5387,Directed,20536,0
1587,5346,Directed,20537,0
1587,4840,Directed,20538,0
1587,4488,Directed,20539,0
5841,1789,Directed,20546,0
5841,6230,Directed,20547,0
5841,3502,Directed,20548,0
5841,1160,Directed,20549,0
5841,5647,Directed,20550,0
5841,4852,Directed,20551,0
5841,3030,Directed,20552,0
5841,4544,Directed,20553,0
5841,4706,Directed,20554,0
5841,226,Directed,20555,0
5841,1444,Directed,20556,0
5841,3026,Directed,20557,0
5841,6834,Directed,20558,0
5841,293,Directed,20559,0
5841,4753,Directed,20560,0
5841,3193,Directed,20561,0
5841,6405,Directed,20562,0
5841,4264,Directed,20563,0
5841,2677,Directed,20564,0
5841,1343,Directed,20565,0
5841,6298,Directed,20566,0
5841,2156,Directed,20567,0
5841,3977,Directed,20568,0
5841,4473,Directed,20569,0
5841,3143,Directed,20570,0
5841,1509,Directed,20571,0
5841,2675,Directed,20572,0
5841,5030,Directed,20573,0
5841,4840,Directed,20574,0
5841,597,Directed,20575,0
5841,1451,Directed,20576,0
6383,4852,Directed,20582,0
6383,4753,Directed,20583,0
6383,2272,Directed,20584,0
6383,1160,Directed,20585,0
6383,3193,Directed,20586,0
6383,3026,Directed,20587,0
6383,1509,Directed,20588,0
6383,4113,Directed,20589,0
6383,3030,Directed,20590,0
6383,6647,Directed,20591,0
6383,4706,Directed,20592,0
6383,293,Directed,20593,0
6383,3502,Directed,20594,0
6383,5275,Directed,20595,0
6383,1343,Directed,20596,0
6383,2146,Directed,20597,0
6383,511,Directed,20598,0
6383,6298,Directed,20599,0
6383,4544,Directed,20600,0
6383,2156,Directed,20601,0
6383,1451,Directed,20602,0
6383,4264,Directed,20603,0
6383,226,Directed,20604,0
6383,6744,Directed,20605,0
6383,4840,Directed,20606,0
6383,5647,Directed,20607,0
6383,5030,Directed,20608,0
907,6218,Directed,20612,0
907,1789,Directed,20613,0
5343,5647,Directed,20620,0
5343,6230,Directed,20621,0
5343,1789,Directed,20622,0
5343,6906,Directed,20623,0
5343,485,Directed,20624,0
5343,226,Directed,20625,0
5343,3030,Directed,20626,0
5343,4544,Directed,20627,0
5343,4264,Directed,20628,0
5343,876,Directed,20629,0
5343,4753,Directed,20630,0
5343,5040,Directed,20631,0
5343,4789,Directed,20632,0
5343,2156,Directed,20633,0
5343,6298,Directed,20634,0
5343,1343,Directed,20635,0
5343,2365,Directed,20636,0
5343,5346,Directed,20637,0
5343,2435,Directed,20638,0
5343,3143,Directed,20639,0
5343,1587,Directed,20640,0
5343,1451,Directed,20641,0
5343,4840,Directed,20642,0
5343,1171,Directed,20643,0
5343,812,Directed,20644,0
5343,4972,Directed,20645,0
344,5346,Directed,20650,0
344,1171,Directed,20651,0
344,6744,Directed,20652,0
344,4840,Directed,20653,0
344,4789,Directed,20654,0
344,5647,Directed,20655,0
344,4544,Directed,20656,0
344,6298,Directed,20657,0
344,1451,Directed,20658,0
344,4264,Directed,20659,0
344,2156,Directed,20660,0
344,226,Directed,20661,0
344,5040,Directed,20662,0
344,6906,Directed,20663,0
344,1343,Directed,20664,0
344,5275,Directed,20665,0
344,812,Directed,20666,0
344,3030,Directed,20667,0
344,2435,Directed,20668,0
344,4972,Directed,20669,0
344,876,Directed,20670,0
344,1587,Directed,20671,0
344,485,Directed,20672,0
344,4753,Directed,20673,0
900,271,Directed,20683,0
1998,5194,Directed,20687,0
1998,4327,Directed,20688,0
1998,4790,Directed,20689,0
1998,5387,Directed,20690,0
1998,4488,Directed,20691,0
1998,4840,Directed,20692,0
1998,1866,Directed,20693,0
1998,3748,Directed,20694,0
3280,3552,Directed,20698,0
3280,5346,Directed,20699,0
1337,520,Directed,20712,0
3982,4241,Directed,20716,0
3982,1337,Directed,20717,0
4688,4840,Directed,20739,0
4688,4753,Directed,20740,0
4688,781,Directed,20741,0
1378,4840,Directed,20743,0
1985,4840,Directed,20747,0
1566,1271,Directed,20760,0
155,4840,Directed,20774,0
1911,2262,Directed,20776,0
1911,6450,Directed,20777,0
1911,3326,Directed,20778,0
1911,6458,Directed,20779,0
1911,5459,Directed,20780,0
1911,6198,Directed,20781,0
3681,4840,Directed,20800,0
1036,4872,Directed,20817,0
1364,4840,Directed,20961,0
6023,2319,Directed,20993,0
6023,478,Directed,20994,0
478,5333,Directed,21014,0
478,2839,Directed,21015,0
5722,152,Directed,21031,0
5722,2839,Directed,21032,0
5722,77,Directed,21033,0
5722,3482,Directed,21034,0
5722,616,Directed,21035,0
5722,1785,Directed,21036,0
2319,3862,Directed,21042,0
4456,2839,Directed,21060,0
4456,3862,Directed,21061,0
5884,5128,Directed,21084,0
5884,3097,Directed,21085,0
5884,6198,Directed,21086,0
2844,5884,Directed,21094,0
2844,4946,Directed,21095,0
3532,3862,Directed,21104,0
5727,2839,Directed,21117,0
5727,3532,Directed,21118,0
5727,3275,Directed,21119,0
4624,2839,Directed,21127,0
4624,3532,Directed,21128,0
4624,3275,Directed,21129,0
4217,3532,Directed,21138,0
4217,2839,Directed,21139,0
6663,3532,Directed,21148,0
5065,6615,Directed,21157,0
4989,3275,Directed,21165,0
4989,3532,Directed,21166,0
4989,2839,Directed,21167,0
2736,3275,Directed,21184,0
2736,2839,Directed,21185,0
2736,3532,Directed,21186,0
2505,2839,Directed,21195,0
2505,3532,Directed,21196,0
2014,3532,Directed,21214,0
6255,6615,Directed,21232,0
377,3275,Directed,21240,0
377,2839,Directed,21241,0
377,3532,Directed,21242,0
679,5722,Directed,21256,0
679,2839,Directed,21257,0
679,3532,Directed,21258,0
679,3956,Directed,21259,0
679,3275,Directed,21260,0
679,1576,Directed,21261,0
679,5290,Directed,21262,0
5193,3275,Directed,21270,0
5193,2839,Directed,21271,0
5193,3532,Directed,21272,0
5543,3532,Directed,21281,0
3843,3956,Directed,21295,0
3843,5722,Directed,21296,0
3843,3532,Directed,21297,0
3843,1576,Directed,21298,0
3843,3275,Directed,21299,0
3843,2839,Directed,21300,0
3843,5290,Directed,21301,0
6809,5722,Directed,21310,0
6809,3532,Directed,21311,0
6809,2839,Directed,21312,0
6809,3956,Directed,21313,0
6809,3275,Directed,21314,0
6809,1576,Directed,21315,0
6809,5290,Directed,21316,0
649,3532,Directed,21324,0
649,2839,Directed,21325,0
649,3275,Directed,21326,0
3122,1576,Directed,21335,0
3122,5290,Directed,21336,0
3122,3275,Directed,21337,0
3122,3956,Directed,21338,0
3122,2839,Directed,21339,0
3122,3532,Directed,21340,0
3122,5722,Directed,21341,0
6799,3275,Directed,21349,0
6799,3532,Directed,21350,0
6799,2839,Directed,21351,0
4105,3956,Directed,21360,0
4105,2839,Directed,21361,0
4105,5290,Directed,21362,0
4105,5722,Directed,21363,0
4105,1576,Directed,21364,0
4105,3532,Directed,21365,0
4105,3275,Directed,21366,0
6492,6615,Directed,21380,0
5483,3532,Directed,21389,0
5483,2839,Directed,21390,0
3243,3532,Directed,21399,0
2463,6458,Directed,21401,0
923,2839,Directed,21405,0
6450,2839,Directed,21410,0
4451,6615,Directed,21428,0
4616,898,Directed,21434,0
3319,5387,Directed,21438,0
3319,2588,Directed,21439,0
3319,4840,Directed,21440,0
3319,1866,Directed,21441,0
3319,4790,Directed,21442,0
3319,5194,Directed,21443,0
3319,4327,Directed,21444,0
1610,5346,Directed,21450,0
1610,3552,Directed,21451,0
438,4840,Directed,21497,0
1804,4840,Directed,21557,0
2486,4275,Directed,21646,0
2486,140,Directed,21647,0
2486,3329,Directed,21648,0
2486,1520,Directed,21649,0
2486,5949,Directed,21650,0
6781,6982,Directed,21665,0
5871,1485,Directed,22023,0
5871,1566,Directed,22024,0
5871,28,Directed,22025,0
2664,2594,Directed,22034,0
2664,28,Directed,22035,0
4311,28,Directed,22043,0
4311,2594,Directed,22044,0
3053,1566,Directed,22053,0
3053,28,Directed,22054,0
4705,1566,Directed,22062,0
4705,28,Directed,22063,0
4806,28,Directed,22071,0
4806,1271,Directed,22072,0
2076,1271,Directed,22080,0
2076,28,Directed,22081,0
2346,5512,Directed,22100,0
2346,156,Directed,22101,0
2346,5101,Directed,22102,0
201,2839,Directed,22106,0
4350,4456,Directed,22112,0
4350,4840,Directed,22113,0
4350,6450,Directed,22114,0
4350,4145,Directed,22115,0
4350,5459,Directed,22116,0
5816,4840,Directed,22124,0
3810,4840,Directed,22139,0
5309,4840,Directed,22159,0
5309,6393,Directed,22160,0
2038,4840,Directed,22175,0
2038,6393,Directed,22176,0
379,4840,Directed,22188,0
1416,4840,Directed,22201,0
6128,4173,Directed,22253,0
6128,4840,Directed,22254,0
2562,5246,Directed,22297,0
2562,4840,Directed,22298,0
3706,4327,Directed,22309,0
3706,5194,Directed,22310,0
3706,5387,Directed,22311,0
3706,1866,Directed,22312,0
3706,2588,Directed,22313,0
3706,4790,Directed,22314,0
3706,4840,Directed,22315,0
6081,5346,Directed,22321,0
6081,3552,Directed,22322,0
548,2848,Directed,22344,0
548,5280,Directed,22345,0
548,4840,Directed,22346,0
548,2451,Directed,22347,0
1120,3201,Directed,22378,0
449,4840,Directed,22380,0
342,977,Directed,22385,0
342,4684,Directed,22386,0
342,3008,Directed,22387,0
342,6969,Directed,22388,0
342,5938,Directed,22389,0
342,3541,Directed,22390,0
342,513,Directed,22391,0
342,4476,Directed,22392,0
342,822,Directed,22393,0
342,6116,Directed,22394,0
342,4680,Directed,22395,0
342,6883,Directed,22396,0
342,4548,Directed,22397,0
342,1421,Directed,22398,0
342,3415,Directed,22399,0
342,6071,Directed,22400,0
342,5350,Directed,22401,0
342,2073,Directed,22402,0
342,3421,Directed,22403,0
342,525,Directed,22404,0
342,3662,Directed,22405,0
342,4420,Directed,22406,0
342,5216,Directed,22407,0
342,5150,Directed,22408,0
342,6087,Directed,22409,0
342,179,Directed,22410,0
342,5672,Directed,22411,0
4770,4840,Directed,22413,0
4770,2248,Directed,22414,0
4770,5459,Directed,22415,0
4770,6198,Directed,22416,0
4770,4145,Directed,22417,0
4770,6450,Directed,22418,0
4770,2463,Directed,22419,0
4770,2319,Directed,22420,0
5494,876,Directed,22456,0
5494,6906,Directed,22457,0
408,876,Directed,22510,0
408,6906,Directed,22511,0
1499,3750,Directed,22532,0
5606,4840,Directed,22650,0
5606,516,Directed,22651,0
5606,4240,Directed,22652,0
5660,4840,Directed,22741,0
5660,4984,Directed,22742,0
5660,876,Directed,22743,0
5660,6906,Directed,22744,0
5660,4240,Directed,22745,0
5171,4840,Directed,22896,0
5171,3601,Directed,22897,0
5171,4970,Directed,22898,0
3897,1920,Directed,22916,0
3897,3504,Directed,22917,0
3897,4840,Directed,22918,0
4240,4840,Directed,23319,0
6334,927,Directed,23335,0
2918,4840,Directed,23341,0
2918,6491,Directed,23342,0
2918,383,Directed,23343,0
6491,4145,Directed,23350,0
6491,4840,Directed,23351,0
6491,5398,Directed,23352,0
383,4840,Directed,23359,0
383,5398,Directed,23360,0
383,4145,Directed,23361,0
6604,4145,Directed,23368,0
6604,5398,Directed,23369,0
6604,4840,Directed,23370,0
3728,5459,Directed,23379,0
3728,6450,Directed,23380,0
3728,4840,Directed,23381,0
3728,2463,Directed,23382,0
3728,4456,Directed,23383,0
3728,2589,Directed,23384,0
3728,849,Directed,23385,0
3728,4145,Directed,23386,0
3768,4145,Directed,23388,0
3768,4840,Directed,23389,0
1620,4145,Directed,23409,0
1620,4840,Directed,23410,0
6638,4840,Directed,23412,0
6638,4145,Directed,23413,0
6430,4840,Directed,23415,0
6430,4145,Directed,23416,0
1220,4840,Directed,23418,0
1220,4145,Directed,23419,0
2957,4145,Directed,23421,0
2957,4840,Directed,23422,0
4761,4840,Directed,23424,0
4761,4145,Directed,23425,0
1078,4145,Directed,23427,0
1078,4840,Directed,23428,0
5271,4840,Directed,23430,0
5271,4145,Directed,23431,0
645,4840,Directed,23433,0
645,4145,Directed,23434,0
4855,4840,Directed,23436,0
4855,4145,Directed,23437,0
3041,4840,Directed,23439,0
3041,5990,Directed,23440,0
3041,4145,Directed,23441,0
4572,4840,Directed,23443,0
4572,4145,Directed,23444,0
400,4145,Directed,23446,0
400,4840,Directed,23447,0
6279,4840,Directed,23449,0
6279,4145,Directed,23450,0
4221,4145,Directed,23455,0
4221,4840,Directed,23456,0
1242,4145,Directed,23461,0
1242,4840,Directed,23462,0
4483,4145,Directed,23467,0
4483,4840,Directed,23468,0
3611,4840,Directed,23473,0
3611,201,Directed,23474,0
3611,5387,Directed,23475,0
3611,5194,Directed,23476,0
3611,4488,Directed,23477,0
4640,400,Directed,23484,0
4640,5271,Directed,23485,0
4640,2957,Directed,23486,0
4640,6430,Directed,23487,0
4640,1220,Directed,23488,0
4640,4855,Directed,23489,0
4640,4761,Directed,23490,0
4640,2319,Directed,23491,0
4640,6279,Directed,23492,0
4640,6083,Directed,23493,0
4640,3041,Directed,23494,0
4640,1078,Directed,23495,0
4640,5459,Directed,23496,0
4640,2463,Directed,23497,0
4640,4572,Directed,23498,0
4640,6450,Directed,23499,0
4640,645,Directed,23500,0
4640,6198,Directed,23501,0
1140,4824,Directed,23502,0
1140,2979,Directed,23503,0
4519,1254,Directed,23524,0
4519,2446,Directed,23525,0
4519,5709,Directed,23526,0
4519,1198,Directed,23527,0
5387,974,Directed,23533,0
554,4766,Directed,23544,0
4142,4145,Directed,23563,0
4142,4155,Directed,23564,0
4142,5333,Directed,23565,0
4142,2839,Directed,23566,0
434,2839,Directed,23585,0
434,4155,Directed,23586,0
434,4145,Directed,23587,0
434,5333,Directed,23588,0
5401,5333,Directed,23607,0
5401,4145,Directed,23608,0
5401,4155,Directed,23609,0
5401,2839,Directed,23610,0
4096,5333,Directed,23632,0
4096,4145,Directed,23633,0
4096,4155,Directed,23634,0
4096,2839,Directed,23635,0
336,4145,Directed,23657,0
336,5333,Directed,23658,0
336,4155,Directed,23659,0
336,2839,Directed,23660,0
6780,4145,Directed,23682,0
6780,4155,Directed,23683,0
6780,5333,Directed,23684,0
6780,2839,Directed,23685,0
2983,4145,Directed,23707,0
2983,5333,Directed,23708,0
2983,4155,Directed,23709,0
2983,2839,Directed,23710,0
1949,2839,Directed,23734,0
1949,4155,Directed,23735,0
1949,5333,Directed,23736,0
1949,4145,Directed,23737,0
4823,4155,Directed,23759,0
4823,4145,Directed,23760,0
4823,5333,Directed,23761,0
4823,2839,Directed,23762,0
5297,5333,Directed,23784,0
5297,4145,Directed,23785,0
5297,4155,Directed,23786,0
5297,2839,Directed,23787,0
5912,2839,Directed,23809,0
5912,5333,Directed,23810,0
5912,4155,Directed,23811,0
5912,4145,Directed,23812,0
6176,5333,Directed,23814,0
5774,5333,Directed,23816,0
2928,5333,Directed,23818,0
6880,3022,Directed,23821,0
6880,3722,Directed,23822,0
6880,843,Directed,23823,0
6880,2227,Directed,23824,0
3022,4840,Directed,23826,0
3022,1825,Directed,23827,0
3722,3048,Directed,23829,0
3722,1825,Directed,23830,0
3722,5346,Directed,23831,0
3722,4840,Directed,23832,0
3722,3921,Directed,23833,0
2382,2463,Directed,23835,0
3402,849,Directed,23838,0
3402,781,Directed,23839,0
1071,781,Directed,23841,0
1071,5774,Directed,23842,0
1071,1440,Directed,23843,0
1071,6176,Directed,23844,0
1071,2928,Directed,23845,0
1071,5333,Directed,23846,0
1071,932,Directed,23847,0
6774,4587,Directed,23849,0
5532,2745,Directed,23853,0
5532,5459,Directed,23854,0
5532,4840,Directed,23855,0
4942,923,Directed,23859,0
4942,6450,Directed,23860,0
3467,1357,Directed,23900,0
3467,3297,Directed,23901,0
3467,6341,Directed,23902,0
3467,5656,Directed,23903,0
3467,2521,Directed,23904,0
3467,2382,Directed,23905,0
3467,5800,Directed,23906,0
3467,1061,Directed,23907,0
3467,3563,Directed,23908,0
3467,310,Directed,23909,0
3467,5603,Directed,23910,0
3467,1624,Directed,23911,0
3467,4752,Directed,23912,0
3467,5412,Directed,23913,0
3467,4772,Directed,23914,0
3467,3402,Directed,23915,0
3467,5201,Directed,23916,0
3467,5756,Directed,23917,0
3467,3735,Directed,23918,0
3467,3154,Directed,23919,0
3467,6734,Directed,23920,0
3467,1230,Directed,23921,0
3467,6585,Directed,23922,0
3467,4942,Directed,23923,0
3467,6646,Directed,23924,0
3467,5607,Directed,23925,0
3467,4424,Directed,23926,0
3467,6657,Directed,23927,0
3467,4495,Directed,23928,0
3467,5422,Directed,23929,0
3467,1342,Directed,23930,0
3467,6880,Directed,23931,0
3467,3451,Directed,23932,0
3467,3543,Directed,23933,0
3467,3322,Directed,23934,0
3467,2294,Directed,23935,0
3467,2646,Directed,23936,0
3467,2538,Directed,23937,0
2227,5194,Directed,23944,0
2227,4488,Directed,23945,0
2227,4840,Directed,23946,0
2227,5387,Directed,23947,0
2745,5387,Directed,23949,0
2745,201,Directed,23950,0
5561,1230,Directed,23993,0
5561,6734,Directed,23994,0
5561,1071,Directed,23995,0
5561,6585,Directed,23996,0
5561,4942,Directed,23997,0
5561,6646,Directed,23998,0
5561,3716,Directed,23999,0
5561,4424,Directed,24000,0
5561,5607,Directed,24001,0
5561,5505,Directed,24002,0
5561,4495,Directed,24003,0
5561,6657,Directed,24004,0
5561,5422,Directed,24005,0
5561,3451,Directed,24006,0
5561,1342,Directed,24007,0
5561,2294,Directed,24008,0
5561,3322,Directed,24009,0
5561,2646,Directed,24010,0
5561,2538,Directed,24011,0
5561,1357,Directed,24012,0
5561,3297,Directed,24013,0
5561,5656,Directed,24014,0
5561,2521,Directed,24015,0
5561,6341,Directed,24016,0
5561,2382,Directed,24017,0
5561,6774,Directed,24018,0
5561,6600,Directed,24019,0
5561,5800,Directed,24020,0
5561,310,Directed,24021,0
5561,3563,Directed,24022,0
5561,5412,Directed,24023,0
5561,1624,Directed,24024,0
5561,5603,Directed,24025,0
5561,4752,Directed,24026,0
5561,5201,Directed,24027,0
5561,5756,Directed,24028,0
5561,3735,Directed,24029,0
5561,4772,Directed,24030,0
5561,3154,Directed,24031,0
3716,5387,Directed,24033,0
3716,201,Directed,24034,0
141,1330,Directed,24110,0
6624,5917,Directed,24113,0
6624,1426,Directed,24114,0
6624,48,Directed,24115,0
2022,4840,Directed,24149,0
496,6118,Directed,24155,0
496,4356,Directed,24156,0
496,3074,Directed,24157,0
496,2238,Directed,24158,0
1515,4356,Directed,24167,0
1515,6118,Directed,24168,0
1515,806,Directed,24169,0
1515,4840,Directed,24170,0
2238,5036,Directed,24192,0
809,1961,Directed,24198,0
809,703,Directed,24199,0
809,6870,Directed,24200,0
3952,2022,Directed,24214,0
3952,4840,Directed,24215,0
3074,2022,Directed,24228,0
3074,4840,Directed,24229,0
3074,5036,Directed,24230,0
3135,5316,Directed,24242,0
3135,4840,Directed,24243,0
4763,4840,Directed,24248,0
4763,5502,Directed,24249,0
4763,2846,Directed,24250,0
4763,6543,Directed,24251,0
6543,4840,Directed,24259,0
5502,4840,Directed,24267,0
2846,4840,Directed,24276,0
806,5036,Directed,24288,0
806,2022,Directed,24289,0
64,5316,Directed,24301,0
64,4840,Directed,24302,0
5659,4840,Directed,24311,0
574,1965,Directed,24313,0
574,1317,Directed,24314,0
574,419,Directed,24315,0
6096,4840,Directed,24326,0
2747,4840,Directed,24336,0
4395,4830,Directed,24338,0
4395,4599,Directed,24339,0
4395,2329,Directed,24340,0
490,4840,Directed,24350,0
490,1961,Directed,24351,0
1873,6870,Directed,24353,0
2299,703,Directed,24362,0
2722,1317,Directed,24367,0
2722,3952,Directed,24368,0
2722,1965,Directed,24369,0
2722,419,Directed,24370,0
5546,6444,Directed,24375,0
6865,4258,Directed,24377,0
6865,2700,Directed,24378,0
6865,1613,Directed,24379,0
6865,5171,Directed,24380,0
6865,5478,Directed,24381,0
4205,1950,Directed,24426,0
4205,6864,Directed,24427,0
3880,4840,Directed,24436,0
4888,4545,Directed,24459,0
796,4840,Directed,24467,0
6522,93,Directed,24493,0
3513,5173,Directed,24525,0
3513,1617,Directed,24526,0
3513,3597,Directed,24527,0
3513,2234,Directed,24528,0
3513,1082,Directed,24529,0
3513,1412,Directed,24530,0
3513,5617,Directed,24531,0
3513,6808,Directed,24532,0
3513,6665,Directed,24533,0
3513,4815,Directed,24534,0
3513,4000,Directed,24535,0
3513,6495,Directed,24536,0
3513,6829,Directed,24537,0
3513,4617,Directed,24538,0
3513,2363,Directed,24539,0
2350,1552,Directed,24555,0
3304,4840,Directed,24557,0
3304,4765,Directed,24558,0
1084,4686,Directed,24561,0
1084,4261,Directed,24562,0
1084,4840,Directed,24563,0
1084,2204,Directed,24564,0
4258,1328,Directed,24655,0
4258,1047,Directed,24656,0
4258,4840,Directed,24657,0
4258,3961,Directed,24658,0
4258,2573,Directed,24659,0
1613,4840,Directed,24664,0
1613,1739,Directed,24665,0
1613,6174,Directed,24666,0
1613,5952,Directed,24667,0
3446,5936,Directed,24698,0
3446,4840,Directed,24699,0
3446,5623,Directed,24700,0
3446,5373,Directed,24701,0
4686,4840,Directed,24711,0
4686,3711,Directed,24712,0
4261,4840,Directed,24730,0
4261,3711,Directed,24731,0
2152,4840,Directed,24746,0
2152,3711,Directed,24747,0
2499,4840,Directed,24762,0
2204,3711,Directed,24773,0
2204,4840,Directed,24774,0
3275,2589,Directed,24794,0
3275,3097,Directed,24795,0
3275,2839,Directed,24796,0
6167,616,Directed,24801,0
6167,3267,Directed,24802,0
6167,876,Directed,24803,0
6167,3534,Directed,24804,0
6167,2272,Directed,24805,0
6167,6906,Directed,24806,0
6167,4421,Directed,24807,0
6167,4675,Directed,24808,0
2952,4675,Directed,24813,0
2952,2475,Directed,24814,0
2952,506,Directed,24815,0
2952,6906,Directed,24816,0
2952,2272,Directed,24817,0
2952,876,Directed,24818,0
2952,616,Directed,24819,0
2952,3267,Directed,24820,0
6193,6643,Directed,24861,0
6193,1945,Directed,24862,0
6193,3712,Directed,24863,0
6193,3936,Directed,24864,0
6193,4840,Directed,24865,0
6193,2741,Directed,24866,0
6193,2859,Directed,24867,0
6193,3664,Directed,24868,0
6193,2562,Directed,24869,0
6193,4308,Directed,24870,0
1426,4840,Directed,24877,0
2568,4840,Directed,24915,0
4690,2951,Directed,24917,0
4690,5346,Directed,24918,0
6470,6980,Directed,24942,0
6470,5136,Directed,24943,0
6470,5652,Directed,24944,0
6470,3373,Directed,24945,0
3917,2839,Directed,24946,0
5051,6980,Directed,24955,0
5051,5136,Directed,24956,0
5051,3373,Directed,24957,0
5051,5652,Directed,24958,0
5051,4840,Directed,24959,0
1091,5652,Directed,24966,0
1091,3373,Directed,24967,0
1091,5136,Directed,24968,0
1091,6980,Directed,24969,0
4467,4840,Directed,24975,0
3009,3373,Directed,24983,0
3009,4840,Directed,24984,0
3009,5652,Directed,24985,0
3009,5136,Directed,24986,0
3009,6980,Directed,24987,0
2071,4840,Directed,25020,0
4815,5736,Directed,25034,0
4815,2232,Directed,25035,0
4815,2027,Directed,25036,0
4815,2759,Directed,25037,0
2234,6607,Directed,25076,0
2234,6838,Directed,25077,0
2234,5985,Directed,25078,0
2234,4301,Directed,25079,0
2665,4780,Directed,25106,0
2665,3485,Directed,25107,0
2665,2129,Directed,25108,0
6132,4145,Directed,25120,0
2931,4145,Directed,25132,0
293,2839,Directed,25144,0
5917,279,Directed,25169,0
2424,1591,Directed,25197,0
2424,914,Directed,25198,0
2424,3704,Directed,25199,0
2424,5510,Directed,25200,0
2424,6577,Directed,25201,0
2424,5083,Directed,25202,0
2424,5106,Directed,25203,0
2424,2013,Directed,25204,0
5083,1162,Directed,25217,0
5083,954,Directed,25218,0
1591,4739,Directed,25229,0
1591,4662,Directed,25230,0
4739,661,Directed,25250,0
4739,4193,Directed,25251,0
954,3477,Directed,25293,0
954,5433,Directed,25294,0
3704,1729,Directed,25333,0
3704,243,Directed,25334,0
5106,2042,Directed,25346,0
5106,2348,Directed,25347,0
2348,5794,Directed,25372,0
2348,416,Directed,25373,0
1729,4955,Directed,25423,0
1729,6171,Directed,25424,0
4009,1008,Directed,25506,0
4009,6874,Directed,25507,0
4009,1814,Directed,25508,0
1008,2544,Directed,25524,0
1008,4818,Directed,25525,0
4818,1906,Directed,25554,0
4818,1512,Directed,25555,0
1814,2096,Directed,25604,0
1814,2776,Directed,25605,0
1814,6636,Directed,25606,0
2096,320,Directed,25658,0
2096,3626,Directed,25659,0
6776,2261,Directed,25724,0
6776,1714,Directed,25725,0
6776,1663,Directed,25726,0
6776,1538,Directed,25727,0
3990,3816,Directed,25729,0
3816,5341,Directed,25731,0
2801,4840,Directed,25759,0
3205,4840,Directed,25785,0
1685,2463,Directed,25786,0
1685,6450,Directed,25787,0
1685,5459,Directed,25788,0
1685,4145,Directed,25789,0
1283,4840,Directed,25823,0
1283,2463,Directed,25824,0
1283,6450,Directed,25825,0
1283,5459,Directed,25826,0
1283,4145,Directed,25827,0
2072,3791,Directed,25866,0
3975,4840,Directed,25873,0
3954,4840,Directed,25881,0
1027,4840,Directed,25891,0
4894,4840,Directed,25917,0
3605,6051,Directed,25919,0
57,4840,Directed,25921,0
448,4840,Directed,25923,0
4843,4840,Directed,25925,0
2337,5240,Directed,25929,0
677,4840,Directed,25935,0
1983,4840,Directed,25941,0
5340,316,Directed,25947,0
197,4840,Directed,25954,0
1622,2373,Directed,25959,0
1622,2770,Directed,25960,0
1622,4840,Directed,25961,0
2373,1786,Directed,25970,0
2373,1159,Directed,25971,0
2373,4381,Directed,25972,0
2373,3690,Directed,25973,0
2373,6366,Directed,25974,0
2373,458,Directed,25975,0
2373,6051,Directed,25976,0
2373,6512,Directed,25977,0
2770,5975,Directed,25981,0
2770,3264,Directed,25982,0
2770,2654,Directed,25983,0
2770,2367,Directed,25984,0
2770,2265,Directed,25985,0
4012,4840,Directed,25991,0
524,4840,Directed,25996,0
3669,3067,Directed,26004,0
4954,5408,Directed,26014,0
1306,3798,Directed,26021,0
3005,4439,Directed,26027,0
3629,4840,Directed,26036,0
817,6906,Directed,26184,0
817,4173,Directed,26185,0
817,876,Directed,26186,0
3550,2463,Directed,26187,0
3550,2319,Directed,26188,0
3550,5459,Directed,26189,0
3550,4840,Directed,26190,0
3550,6198,Directed,26191,0
3550,4145,Directed,26192,0
3550,6450,Directed,26193,0
2522,5336,Directed,26279,0
2522,751,Directed,26280,0
2522,530,Directed,26281,0
2522,2424,Directed,26282,0
2522,408,Directed,26283,0
2522,4009,Directed,26284,0
2522,2391,Directed,26285,0
2522,5494,Directed,26286,0
2522,6906,Directed,26287,0
2522,876,Directed,26288,0
751,876,Directed,26328,0
751,6906,Directed,26329,0
246,4840,Directed,26369,0
246,6426,Directed,26370,0
246,4715,Directed,26371,0
4715,4840,Directed,26428,0
4715,5417,Directed,26429,0
4715,68,Directed,26430,0
4715,2619,Directed,26431,0
4715,6748,Directed,26432,0
4715,5636,Directed,26433,0
4715,1158,Directed,26434,0
4715,3847,Directed,26435,0
6426,4486,Directed,26477,0
1254,6509,Directed,26493,0
3981,1254,Directed,26528,0
3981,3187,Directed,26529,0
3981,3654,Directed,26530,0
3981,5709,Directed,26531,0
3981,6021,Directed,26532,0
3981,285,Directed,26533,0
3981,6509,Directed,26534,0
3981,2446,Directed,26535,0
3981,2175,Directed,26536,0
3981,421,Directed,26537,0
3981,3911,Directed,26538,0
3981,6876,Directed,26539,0
3981,2431,Directed,26540,0
3502,1630,Directed,26543,0
3502,2421,Directed,26544,0
3502,593,Directed,26545,0
3502,5359,Directed,26546,0
3502,4839,Directed,26547,0
2749,6979,Directed,26567,0
2749,2968,Directed,26568,0
843,48,Directed,26572,0
843,4840,Directed,26573,0
2968,5227,Directed,26589,0
2968,4766,Directed,26590,0
6979,4766,Directed,26612,0
4423,4173,Directed,26678,0
6651,4173,Directed,26725,0
1371,2224,Directed,26821,0
1371,2801,Directed,26822,0
1371,4840,Directed,26823,0
1371,1578,Directed,26824,0
1371,1658,Directed,26825,0
681,2463,Directed,26828,0
681,4145,Directed,26829,0
681,4840,Directed,26830,0
681,5459,Directed,26831,0
681,6450,Directed,26832,0
2552,4840,Directed,26957,0
2552,5346,Directed,26958,0
3886,4840,Directed,26997,0
5627,4407,Directed,27006,0
5627,6450,Directed,27007,0
5627,4145,Directed,27008,0
5627,2243,Directed,27009,0
5627,4456,Directed,27010,0
5627,5398,Directed,27011,0
5627,2463,Directed,27012,0
5627,1199,Directed,27013,0
5627,319,Directed,27014,0
5627,3705,Directed,27015,0
5627,4840,Directed,27016,0
5627,5459,Directed,27017,0
5627,4946,Directed,27018,0
1239,4456,Directed,27024,0
1239,5459,Directed,27025,0
1239,4840,Directed,27026,0
1239,4145,Directed,27027,0
1239,6450,Directed,27028,0
1239,2463,Directed,27029,0
3677,2463,Directed,27037,0
3677,3705,Directed,27038,0
3677,4840,Directed,27039,0
3677,4946,Directed,27040,0
3677,5459,Directed,27041,0
3677,4145,Directed,27042,0
3677,6450,Directed,27043,0
3677,4456,Directed,27044,0
6326,2463,Directed,27049,0
6326,4840,Directed,27050,0
6326,5459,Directed,27051,0
6326,6450,Directed,27052,0
6326,4145,Directed,27053,0
6326,4456,Directed,27054,0
1199,849,Directed,27059,0
1199,6471,Directed,27060,0
1199,4840,Directed,27061,0
1199,4145,Directed,27062,0
1199,4803,Directed,27063,0
1199,5398,Directed,27064,0
319,4145,Directed,27069,0
319,5398,Directed,27070,0
319,849,Directed,27071,0
319,4840,Directed,27072,0
319,2319,Directed,27073,0
2243,5398,Directed,27076,0
6504,4840,Directed,27089,0
1894,6881,Directed,27141,0
2610,5666,Directed,27148,0
2610,5523,Directed,27149,0
775,2235,Directed,27150,0
775,5544,Directed,27151,0
775,5666,Directed,27152,0
775,2839,Directed,27153,0
775,1730,Directed,27154,0
775,1227,Directed,27155,0
775,893,Directed,27156,0
775,5117,Directed,27157,0
1730,5117,Directed,27158,0
1730,1200,Directed,27159,0
1730,5666,Directed,27160,0
1730,5523,Directed,27161,0
6787,893,Directed,27162,0
6787,1227,Directed,27163,0
6787,5117,Directed,27164,0
6787,2528,Directed,27165,0
6787,2235,Directed,27166,0
6787,5544,Directed,27167,0
6787,812,Directed,27168,0
6787,1730,Directed,27169,0
6787,5666,Directed,27170,0
6787,2839,Directed,27171,0
6600,4766,Directed,27174,0
6600,1200,Directed,27175,0
6600,5666,Directed,27176,0
6600,2839,Directed,27177,0
5544,1978,Directed,27178,0
5617,3160,Directed,27243,0
5617,1308,Directed,27244,0
5617,6001,Directed,27245,0
3597,4840,Directed,27271,0
3597,1271,Directed,27272,0
3597,6519,Directed,27273,0
2823,6623,Directed,27280,0
1693,5136,Directed,27387,0
4418,6980,Directed,27391,0
5192,3373,Directed,27395,0
929,4911,Directed,27396,0
929,3057,Directed,27397,0
929,2940,Directed,27398,0
1884,1971,Directed,27399,0
723,6684,Directed,27400,0
723,493,Directed,27401,0
723,1839,Directed,27402,0
723,4343,Directed,27403,0
936,2839,Directed,27413,0
5009,2839,Directed,27422,0
734,166,Directed,27445,0
734,1810,Directed,27446,0
734,5594,Directed,27447,0
3099,4884,Directed,27470,0
3099,2689,Directed,27471,0
3099,931,Directed,27472,0
3099,3757,Directed,27473,0
3099,4462,Directed,27474,0
3099,1810,Directed,27475,0
4081,419,Directed,27641,0
4081,488,Directed,27642,0
4081,1965,Directed,27643,0
456,4001,Directed,27772,0
456,4236,Directed,27773,0
456,1819,Directed,27774,0
456,5737,Directed,27775,0
456,1033,Directed,27776,0
5910,4840,Directed,27787,0
5910,4467,Directed,27788,0
3995,4467,Directed,27797,0
3995,4025,Directed,27798,0
4025,4840,Directed,27801,0
6352,4840,Directed,27818,0
3415,1068,Directed,27926,0
3415,1063,Directed,27927,0
3415,419,Directed,27928,0
3415,4081,Directed,27929,0
4420,419,Directed,27954,0
4420,1965,Directed,27955,0
6071,1068,Directed,27973,0
6071,1063,Directed,27974,0
341,1820,Directed,27988,0
341,4840,Directed,27989,0
341,1736,Directed,27990,0
780,1820,Directed,27997,0
780,4840,Directed,27998,0
780,5346,Directed,27999,0
780,1736,Directed,28000,0
6321,5743,Directed,28062,0
6321,1944,Directed,28063,0
6321,6043,Directed,28064,0
6321,1804,Directed,28065,0
2219,5834,Directed,28158,0
2219,4840,Directed,28159,0
2219,5427,Directed,28160,0
2219,5346,Directed,28161,0
2219,4246,Directed,28162,0
2172,2463,Directed,28169,0
2172,6450,Directed,28170,0
2172,4456,Directed,28171,0
2172,5459,Directed,28172,0
2172,2319,Directed,28173,0
2172,6198,Directed,28174,0
2172,4145,Directed,28175,0
2172,4840,Directed,28176,0
5696,5346,Directed,28234,0
5696,438,Directed,28235,0
5914,4840,Directed,28323,0
2637,3777,Directed,28332,0
2637,3778,Directed,28333,0
2637,1631,Directed,28334,0
2637,3529,Directed,28335,0
2637,6947,Directed,28336,0
2637,3484,Directed,28337,0
2637,4356,Directed,28338,0
2637,6118,Directed,28339,0
2637,6506,Directed,28340,0
2637,1251,Directed,28341,0
2637,88,Directed,28342,0
2637,6478,Directed,28343,0
5382,1036,Directed,28345,0
2626,3069,Directed,28350,0
3367,3456,Directed,28362,0
3367,3281,Directed,28363,0
3367,3557,Directed,28364,0
3367,3056,Directed,28365,0
3367,1965,Directed,28366,0
3367,1207,Directed,28367,0
3367,419,Directed,28368,0
3367,6976,Directed,28369,0
3367,3214,Directed,28370,0
3367,5222,Directed,28371,0
2842,419,Directed,28380,0
2842,1965,Directed,28381,0
2842,6051,Directed,28382,0
2842,3778,Directed,28383,0
2842,3777,Directed,28384,0
2842,1631,Directed,28385,0
2842,3529,Directed,28386,0
2842,4840,Directed,28387,0
3281,4840,Directed,28392,0
3281,4358,Directed,28393,0
4358,6051,Directed,28406,0
4358,1965,Directed,28407,0
4358,419,Directed,28408,0
4358,4840,Directed,28409,0
4358,3529,Directed,28410,0
4358,1631,Directed,28411,0
4358,3777,Directed,28412,0
4358,3778,Directed,28413,0
5222,4840,Directed,28418,0
5222,5999,Directed,28419,0
5999,2204,Directed,28452,0
5999,1920,Directed,28453,0
5999,2152,Directed,28454,0
5999,2499,Directed,28455,0
5999,4686,Directed,28456,0
5999,4840,Directed,28457,0
4094,4872,Directed,28470,0
4094,3967,Directed,28471,0
4094,4840,Directed,28472,0
4094,874,Directed,28473,0
4094,6444,Directed,28474,0
4094,3367,Directed,28475,0
3967,3929,Directed,28483,0
3967,1773,Directed,28484,0
3967,1323,Directed,28485,0
3967,1638,Directed,28486,0
3967,4857,Directed,28487,0
3967,2226,Directed,28488,0
3967,4699,Directed,28489,0
3967,4007,Directed,28490,0
3967,1158,Directed,28491,0
3967,3738,Directed,28492,0
3967,1138,Directed,28493,0
3967,1626,Directed,28494,0
3967,2118,Directed,28495,0
3967,4840,Directed,28496,0
3967,6924,Directed,28497,0
3967,6805,Directed,28498,0
3967,1946,Directed,28499,0
6628,4840,Directed,28510,0
5706,4660,Directed,28520,0
5706,6421,Directed,28521,0
5706,4840,Directed,28522,0
3658,4840,Directed,28535,0
2352,4840,Directed,28561,0
1454,5240,Directed,28565,0
165,6870,Directed,28573,0
165,4840,Directed,28574,0
3476,4609,Directed,28579,0
1470,6051,Directed,28583,0
1470,6182,Directed,28584,0
1470,1623,Directed,28585,0
1470,4840,Directed,28586,0
1470,5808,Directed,28587,0
1470,3799,Directed,28588,0
1260,3497,Directed,28592,0
1260,6244,Directed,28593,0
1260,4396,Directed,28594,0
1260,3799,Directed,28595,0
1260,5808,Directed,28596,0
1260,4840,Directed,28597,0
1260,4266,Directed,28598,0
5813,3738,Directed,28606,0
5813,3793,Directed,28607,0
5813,5560,Directed,28608,0
5813,3799,Directed,28609,0
5813,5808,Directed,28610,0
5813,1631,Directed,28611,0
5813,3777,Directed,28612,0
5813,3778,Directed,28613,0
5813,168,Directed,28614,0
5813,3529,Directed,28615,0
5813,6182,Directed,28616,0
3610,3702,Directed,28642,0
3610,2623,Directed,28643,0
3610,5580,Directed,28644,0
3610,3681,Directed,28645,0
3610,2324,Directed,28646,0
3610,3056,Directed,28647,0
3610,3726,Directed,28648,0
3610,4054,Directed,28649,0
3610,1269,Directed,28650,0
3610,3629,Directed,28651,0
3610,6989,Directed,28652,0
3456,3523,Directed,28659,0
3456,6989,Directed,28660,0
3456,1965,Directed,28661,0
3456,4840,Directed,28662,0
3456,419,Directed,28663,0
6598,6870,Directed,28674,0
6598,703,Directed,28675,0
6598,4840,Directed,28676,0
6598,1961,Directed,28677,0
6415,4840,Directed,28684,0
6415,6444,Directed,28685,0
6415,3610,Directed,28686,0
3799,4840,Directed,28689,0
3799,2347,Directed,28690,0
2347,3778,Directed,28693,0
2347,3777,Directed,28694,0
2347,1631,Directed,28695,0
2347,2659,Directed,28696,0
2347,3529,Directed,28697,0
2347,3456,Directed,28698,0
414,6051,Directed,28700,0
4980,6051,Directed,28702,0
2388,6666,Directed,28760,0
2388,6852,Directed,28761,0
2388,1171,Directed,28762,0
2388,1785,Directed,28763,0
2388,4840,Directed,28764,0
2388,781,Directed,28765,0
