Source,Target,Type,Id,Weight
2685,3101,Directed,8009,0
2685,258,Directed,8010,0
2685,76,Directed,8011,0
3085,2934,Directed,8030,0
1914,3990,Directed,8124,0
3990,3101,Directed,8126,0
3990,323,Directed,8127,0
3219,223,Directed,8139,0
2117,1599,Directed,8142,0
1214,3101,Directed,8264,0
1607,2356,Directed,8277,0
2765,1668,Directed,8385,0
2765,1213,Directed,8386,0
2765,735,Directed,8387,0
2765,3637,Directed,8388,0
2765,1743,Directed,8389,0
2765,386,Directed,8390,0
2765,1305,Directed,8391,0
2765,2004,Directed,8392,0
2765,3122,Directed,8393,0
2765,404,Directed,8394,0
2765,1170,Directed,8395,0
2765,3587,Directed,8396,0
2765,4017,Directed,8397,0
2765,3496,Directed,8398,0
2765,2680,Directed,8399,0
1667,1599,Directed,8428,0
299,3059,Directed,8449,0
299,3101,Directed,8450,0
3970,3101,Directed,8527,0
3970,1375,Directed,8528,0
3620,3597,Directed,8555,0
2998,223,Directed,8558,0
606,3101,Directed,8591,0
606,2769,Directed,8592,0
606,470,Directed,8593,0
606,1545,Directed,8594,0
606,1768,Directed,8595,0
606,2165,Directed,8596,0
1470,3620,Directed,8603,0
1470,3101,Directed,8604,0
3863,3101,Directed,8612,0
3863,3620,Directed,8613,0
3866,3101,Directed,8619,0
3385,3101,Directed,8626,0
343,53,Directed,8859,0
2077,3038,Directed,8889,0
3558,3101,Directed,8917,0
3558,1318,Directed,8918,0
3558,2981,Directed,8919,0
2981,1626,Directed,8944,0
3247,3101,Directed,8962,0
3247,1174,Directed,8963,0
1640,3558,Directed,9133,0
1640,3101,Directed,9134,0
1640,735,Directed,9135,0
1640,915,Directed,9136,0
1640,3303,Directed,9137,0
1640,404,Directed,9138,0
1640,4017,Directed,9139,0
1640,2004,Directed,9140,0
1640,3122,Directed,9141,0
1640,3442,Directed,9142,0
1640,1305,Directed,9143,0
1640,430,Directed,9144,0
1640,3637,Directed,9145,0
1640,3587,Directed,9146,0
1640,1213,Directed,9147,0
1640,3496,Directed,9148,0
1640,1668,Directed,9149,0
1640,792,Directed,9150,0
1640,4049,Directed,9151,0
1640,1081,Directed,9152,0
1640,39,Directed,9153,0
1640,795,Directed,9154,0
1640,387,Directed,9155,0
1640,1743,Directed,9156,0
1640,1170,Directed,9157,0
1640,3549,Directed,9158,0
1640,2680,Directed,9159,0
1640,386,Directed,9160,0
1640,3357,Directed,9161,0
1164,1599,Directed,9213,0
1164,2741,Directed,9214,0
1164,1967,Directed,9215,0
1164,2702,Directed,9216,0
1164,2426,Directed,9217,0
2239,2058,Directed,9219,0
2239,3945,Directed,9220,0
2239,324,Directed,9221,0
2239,3101,Directed,9222,0
2239,472,Directed,9223,0
1911,1743,Directed,9316,0
1911,3247,Directed,9317,0
1122,503,Directed,9320,0
2676,1036,Directed,9355,0
2676,1701,Directed,9356,0
2676,1006,Directed,9357,0
3013,3101,Directed,9374,0
689,3002,Directed,9454,0
689,3142,Directed,9455,0
689,3320,Directed,9456,0
689,4022,Directed,9457,0
689,1670,Directed,9458,0
689,1599,Directed,9459,0
689,3335,Directed,9460,0
689,1444,Directed,9461,0
689,3101,Directed,9462,0
689,331,Directed,9463,0
1215,3101,Directed,9464,0
1215,639,Directed,9465,0
1215,2058,Directed,9466,0
1215,324,Directed,9467,0
331,3101,Directed,9628,0
3320,3101,Directed,9677,0
3320,2295,Directed,9678,0
2226,485,Directed,9695,0
2226,3101,Directed,9696,0
3026,3101,Directed,9701,0
3910,868,Directed,9707,0
2007,2619,Directed,9711,0
3016,3101,Directed,9715,0
1832,3101,Directed,9739,0
3654,3101,Directed,9742,0
2100,3101,Directed,9745,0
340,3101,Directed,9753,0
3369,868,Directed,9760,0
107,3101,Directed,9763,0
1013,3862,Directed,9790,0
1013,815,Directed,9791,0
597,1802,Directed,9806,0
597,815,Directed,9807,0
2198,815,Directed,9822,0
2198,800,Directed,9823,0
1321,815,Directed,9849,0
815,3101,Directed,9860,0
3059,1735,Directed,9895,0
2718,1333,Directed,9916,0
2718,3581,Directed,9917,0
2718,2619,Directed,9918,0
2996,2868,Directed,9921,0
2996,707,Directed,9922,0
2996,796,Directed,9923,0
2996,2644,Directed,9924,0
2996,3226,Directed,9925,0
1171,2608,Directed,9933,0
1171,3574,Directed,9934,0
1171,1220,Directed,9935,0
1171,4071,Directed,9936,0
1171,1837,Directed,9937,0
1171,817,Directed,9938,0
1171,4049,Directed,9939,0
1171,1924,Directed,9940,0
1171,1214,Directed,9941,0
1171,1592,Directed,9942,0
1171,697,Directed,9943,0
1171,603,Directed,9944,0
1171,1367,Directed,9945,0
1171,3680,Directed,9946,0
1171,1991,Directed,9947,0
1171,1164,Directed,9948,0
1171,2476,Directed,9949,0
1171,3458,Directed,9950,0
1171,3804,Directed,9951,0
1171,1510,Directed,9952,0
1171,2745,Directed,9953,0
1171,2959,Directed,9954,0
1171,609,Directed,9955,0
1171,223,Directed,9956,0
1171,2935,Directed,9957,0
1171,717,Directed,9958,0
1171,806,Directed,9959,0
1171,3449,Directed,9960,0
1171,3698,Directed,9961,0
1171,3465,Directed,9962,0
1171,749,Directed,9963,0
1171,941,Directed,9964,0
1171,2152,Directed,9965,0
1171,1640,Directed,9966,0
1171,387,Directed,9967,0
1171,2063,Directed,9968,0
1171,2900,Directed,9969,0
1171,1911,Directed,9970,0
1171,1520,Directed,9971,0
1171,182,Directed,9972,0
1171,2412,Directed,9973,0
1171,1461,Directed,9974,0
1171,458,Directed,9975,0
1171,3129,Directed,9976,0
1171,3830,Directed,9977,0
1171,3234,Directed,9978,0
1171,1517,Directed,9979,0
1171,1667,Directed,9980,0
1171,1070,Directed,9981,0
1171,1893,Directed,9982,0
1171,1010,Directed,9983,0
1171,1111,Directed,9984,0
1171,1279,Directed,9985,0
1171,2362,Directed,9986,0
1171,689,Directed,9987,0
1171,2491,Directed,9988,0
1171,3941,Directed,9989,0
1171,2465,Directed,9990,0
1171,323,Directed,9991,0
1171,2705,Directed,9992,0
1171,2443,Directed,9993,0
1171,1182,Directed,9994,0
1171,3685,Directed,9995,0
1171,2279,Directed,9996,0
1171,300,Directed,9997,0
1171,2338,Directed,9998,0
1171,886,Directed,9999,0
1171,3217,Directed,10000,0
1171,3013,Directed,10001,0
1171,490,Directed,10002,0
1171,281,Directed,10003,0
1171,3219,Directed,10004,0
1171,1521,Directed,10005,0
1171,2074,Directed,10006,0
1171,14,Directed,10007,0
1171,942,Directed,10008,0
1171,834,Directed,10009,0
1171,2105,Directed,10010,0
1171,2765,Directed,10011,0
1171,1402,Directed,10012,0
1171,279,Directed,10013,0
1991,1599,Directed,10046,0
696,3524,Directed,10048,0
696,2726,Directed,10049,0
696,372,Directed,10050,0
696,1632,Directed,10051,0
696,1976,Directed,10052,0
696,1298,Directed,10053,0
696,1804,Directed,10054,0
696,428,Directed,10055,0
696,1120,Directed,10056,0
696,2717,Directed,10057,0
696,896,Directed,10058,0
696,669,Directed,10059,0
696,3189,Directed,10060,0
696,3272,Directed,10061,0
696,908,Directed,10062,0
696,3440,Directed,10063,0
696,816,Directed,10064,0
696,1389,Directed,10065,0
696,4019,Directed,10066,0
696,4042,Directed,10067,0
696,1868,Directed,10068,0
696,3784,Directed,10069,0
696,236,Directed,10070,0
696,3775,Directed,10071,0
696,2948,Directed,10072,0
696,636,Directed,10073,0
696,811,Directed,10074,0
696,221,Directed,10075,0
696,3193,Directed,10076,0
696,1448,Directed,10077,0
696,3215,Directed,10078,0
696,1184,Directed,10079,0
696,3305,Directed,10080,0
696,3969,Directed,10081,0
696,1954,Directed,10082,0
696,3419,Directed,10083,0
696,2033,Directed,10084,0
696,1654,Directed,10085,0
696,1581,Directed,10086,0
696,798,Directed,10087,0
696,387,Directed,10088,0
696,3410,Directed,10089,0
696,1584,Directed,10090,0
696,3390,Directed,10091,0
696,83,Directed,10092,0
696,4049,Directed,10093,0
696,2850,Directed,10094,0
696,152,Directed,10095,0
696,164,Directed,10096,0
696,2882,Directed,10097,0
696,1424,Directed,10098,0
696,2235,Directed,10099,0
696,2746,Directed,10100,0
696,2042,Directed,10101,0
696,286,Directed,10102,0
696,248,Directed,10103,0
696,2704,Directed,10104,0
696,3268,Directed,10105,0
696,2507,Directed,10106,0
696,1683,Directed,10107,0
696,392,Directed,10108,0
696,2111,Directed,10109,0
696,307,Directed,10110,0
696,455,Directed,10111,0
696,1014,Directed,10112,0
696,952,Directed,10113,0
1894,3860,Directed,10117,0
1894,2725,Directed,10118,0
1894,2092,Directed,10119,0
1894,3152,Directed,10120,0
1894,1155,Directed,10121,0
1894,731,Directed,10122,0
1894,2148,Directed,10123,0
1894,2752,Directed,10124,0
1894,3562,Directed,10125,0
1894,2804,Directed,10126,0
1894,1662,Directed,10127,0
1894,360,Directed,10128,0
1894,1352,Directed,10129,0
1894,1932,Directed,10130,0
1894,383,Directed,10131,0
1894,546,Directed,10132,0
1894,3588,Directed,10133,0
1894,1227,Directed,10134,0
1894,1813,Directed,10135,0
1894,61,Directed,10136,0
1894,2938,Directed,10137,0
1894,2733,Directed,10138,0
1894,325,Directed,10139,0
1894,3677,Directed,10140,0
1894,550,Directed,10141,0
1894,3856,Directed,10142,0
1894,3582,Directed,10143,0
1894,3395,Directed,10144,0
1894,1509,Directed,10145,0
1894,2218,Directed,10146,0
2371,3101,Directed,10156,0
3108,3101,Directed,10158,0
3537,2619,Directed,10170,0
3465,1599,Directed,10179,0
89,1135,Directed,10301,0
89,3156,Directed,10302,0
89,807,Directed,10303,0
2338,387,Directed,10315,0
2338,4049,Directed,10316,0
2338,3987,Directed,10317,0
2338,150,Directed,10318,0
458,1940,Directed,10370,0
458,1467,Directed,10371,0
458,217,Directed,10372,0
458,4049,Directed,10373,0
458,659,Directed,10374,0
458,401,Directed,10375,0
458,3799,Directed,10376,0
458,1346,Directed,10377,0
458,54,Directed,10378,0
458,1451,Directed,10379,0
458,2715,Directed,10380,0
458,2559,Directed,10381,0
458,262,Directed,10382,0
458,2775,Directed,10383,0
458,2336,Directed,10384,0
458,1497,Directed,10385,0
458,1843,Directed,10386,0
458,124,Directed,10387,0
458,3416,Directed,10388,0
458,2787,Directed,10389,0
458,1798,Directed,10390,0
458,387,Directed,10391,0
458,1013,Directed,10392,0
458,1068,Directed,10393,0
458,1855,Directed,10394,0
458,1057,Directed,10395,0
458,2887,Directed,10396,0
458,2025,Directed,10397,0
458,3087,Directed,10398,0
458,1521,Directed,10399,0
458,1321,Directed,10400,0
458,1437,Directed,10401,0
458,907,Directed,10402,0
458,1858,Directed,10403,0
458,651,Directed,10404,0
458,3763,Directed,10405,0
458,597,Directed,10406,0
458,1223,Directed,10407,0
458,1922,Directed,10408,0
458,3353,Directed,10409,0
458,3716,Directed,10410,0
458,3046,Directed,10411,0
458,2198,Directed,10412,0
458,298,Directed,10413,0
458,1599,Directed,10414,0
458,867,Directed,10415,0
458,3292,Directed,10416,0
1111,2897,Directed,10439,0
1111,16,Directed,10440,0
1111,3126,Directed,10441,0
1111,1691,Directed,10442,0
1111,387,Directed,10443,0
1111,1244,Directed,10444,0
1111,3733,Directed,10445,0
1111,4067,Directed,10446,0
1111,2915,Directed,10447,0
1111,1080,Directed,10448,0
1111,890,Directed,10449,0
1111,36,Directed,10450,0
1111,1860,Directed,10451,0
1111,168,Directed,10452,0
1111,2070,Directed,10453,0
1111,4049,Directed,10454,0
1111,3095,Directed,10455,0
1111,181,Directed,10456,0
1111,1947,Directed,10457,0
1111,1606,Directed,10458,0
2279,2466,Directed,10475,0
2279,1382,Directed,10476,0
281,1768,Directed,10481,0
281,3393,Directed,10482,0
281,223,Directed,10483,0
281,1245,Directed,10484,0
281,1557,Directed,10485,0
281,1716,Directed,10486,0
281,3680,Directed,10487,0
281,1545,Directed,10488,0
281,2530,Directed,10489,0
281,1512,Directed,10490,0
281,1151,Directed,10491,0
281,2207,Directed,10492,0
867,1599,Directed,10574,0
867,223,Directed,10575,0
3416,223,Directed,10766,0
807,3608,Directed,10768,0
807,3934,Directed,10769,0
807,3490,Directed,10770,0
807,111,Directed,10771,0
279,3934,Directed,10773,0
279,3608,Directed,10774,0
651,1146,Directed,10794,0
907,3723,Directed,11004,0
217,1599,Directed,11169,0
3968,1545,Directed,11247,0
1940,3505,Directed,11269,0
1940,2424,Directed,11270,0
1940,1628,Directed,11271,0
1940,706,Directed,11272,0
1940,2839,Directed,11273,0
1940,3489,Directed,11274,0
1940,2475,Directed,11275,0
1940,1502,Directed,11276,0
1940,2584,Directed,11277,0
1940,2045,Directed,11278,0
3505,223,Directed,11293,0
3292,1599,Directed,11456,0
384,1084,Directed,11618,0
3258,2366,Directed,11726,0
3258,2673,Directed,11727,0
3258,2058,Directed,11728,0
3258,708,Directed,11729,0
3258,3537,Directed,11730,0
3258,324,Directed,11731,0
3258,3101,Directed,11732,0
3258,2239,Directed,11733,0
3258,1115,Directed,11734,0
3258,538,Directed,11735,0
2668,3101,Directed,11736,0
3554,3101,Directed,11738,0
1115,639,Directed,11739,0
2458,2619,Directed,11774,0
2496,2619,Directed,11810,0
78,683,Directed,11893,0
78,1267,Directed,11894,0
78,3816,Directed,11895,0
78,702,Directed,11896,0
702,1732,Directed,11917,0
702,2923,Directed,11918,0
702,228,Directed,11919,0
702,2837,Directed,11920,0
683,3816,Directed,11937,0
3597,3101,Directed,11941,0
2045,223,Directed,11997,0
2045,174,Directed,11998,0
3368,223,Directed,12001,0
2590,3101,Directed,12007,0
2590,258,Directed,12008,0
2590,76,Directed,12009,0
3760,3854,Directed,12365,0
3924,2900,Directed,12370,0
3924,2354,Directed,12371,0
3924,1199,Directed,12372,0
3924,3101,Directed,12373,0
2416,3417,Directed,12378,0
2416,423,Directed,12379,0
2416,2900,Directed,12380,0
2416,3101,Directed,12381,0
2416,3840,Directed,12382,0
2416,1849,Directed,12383,0
2416,171,Directed,12384,0
2416,364,Directed,12385,0
2416,1199,Directed,12386,0
1608,171,Directed,12390,0
1608,3101,Directed,12391,0
1608,3840,Directed,12392,0
1608,2900,Directed,12393,0
2715,3101,Directed,12413,0
749,3101,Directed,12460,0
749,1361,Directed,12461,0
3666,3101,Directed,12505,0
3666,1084,Directed,12506,0
2357,2934,Directed,12510,0
2357,56,Directed,12511,0
2357,3443,Directed,12512,0
806,2361,Directed,12531,0
806,3503,Directed,12532,0
806,1832,Directed,12533,0
2361,943,Directed,12542,0
2361,3101,Directed,12543,0
836,3101,Directed,12594,0
834,3101,Directed,12633,0
3913,223,Directed,12638,0
771,1759,Directed,12640,0
771,3101,Directed,12641,0
1759,1023,Directed,12643,0
1759,3014,Directed,12644,0
3295,1545,Directed,12646,0
3295,2753,Directed,12647,0
3295,3101,Directed,12648,0
2453,2138,Directed,12650,0
2453,3101,Directed,12651,0
2453,3295,Directed,12652,0
2453,2007,Directed,12653,0
2138,2654,Directed,12655,0
2138,2581,Directed,12656,0
2753,324,Directed,12659,0
2753,3945,Directed,12660,0
2753,3101,Directed,12661,0
2753,1619,Directed,12662,0
2465,2836,Directed,12687,0
2465,2138,Directed,12688,0
2465,275,Directed,12689,0
2465,3907,Directed,12690,0
2465,225,Directed,12691,0
2465,207,Directed,12692,0
2465,1759,Directed,12693,0
2465,2244,Directed,12694,0
2465,3194,Directed,12695,0
2465,323,Directed,12696,0
2465,3913,Directed,12697,0
2465,3049,Directed,12698,0
2465,1204,Directed,12699,0
2465,1251,Directed,12700,0
2465,3212,Directed,12701,0
500,2836,Directed,12704,0
500,771,Directed,12705,0
500,2463,Directed,12706,0
500,2453,Directed,12707,0
207,3101,Directed,12728,0
207,1614,Directed,12729,0
3049,3356,Directed,12766,0
1251,3356,Directed,12776,0
2634,22,Directed,12780,0
22,210,Directed,12782,0
1565,1545,Directed,12784,0
1292,1545,Directed,12786,0
360,1791,Directed,12795,0
360,4016,Directed,12796,0
360,3923,Directed,12797,0
360,2352,Directed,12798,0
3870,127,Directed,12876,0
3870,1709,Directed,12877,0
3870,1997,Directed,12878,0
300,3680,Directed,12889,0
300,2112,Directed,12890,0
300,701,Directed,12891,0
300,42,Directed,12892,0
300,615,Directed,12893,0
300,223,Directed,12894,0
300,3941,Directed,12895,0
42,1036,Directed,12904,0
42,1757,Directed,12905,0
42,3520,Directed,12906,0
42,2962,Directed,12907,0
42,883,Directed,12908,0
42,1844,Directed,12909,0
42,454,Directed,12910,0
42,2884,Directed,12911,0
42,1960,Directed,12912,0
42,3513,Directed,12913,0
42,894,Directed,12914,0
42,1006,Directed,12915,0
1869,562,Directed,12922,0
1869,615,Directed,12923,0
1869,701,Directed,12924,0
562,13,Directed,12928,0
562,112,Directed,12929,0
562,1267,Directed,12930,0
1757,1807,Directed,12962,0
1757,228,Directed,12963,0
1757,1122,Directed,12964,0
701,2676,Directed,13098,0
701,1006,Directed,13099,0
701,2191,Directed,13100,0
701,1378,Directed,13101,0
701,1844,Directed,13102,0
904,1616,Directed,13106,0
904,2619,Directed,13107,0
2348,2619,Directed,13109,0
2466,3101,Directed,13142,0
2304,2619,Directed,13147,0
1264,2619,Directed,13152,0
3780,1993,Directed,13163,0
3780,3274,Directed,13164,0
3780,1549,Directed,13165,0
894,761,Directed,13215,0
894,2827,Directed,13216,0
894,1420,Directed,13217,0
894,28,Directed,13218,0
894,1873,Directed,13219,0
894,1645,Directed,13220,0
894,2027,Directed,13221,0
894,394,Directed,13222,0
894,874,Directed,13223,0
894,1676,Directed,13224,0
894,3694,Directed,13225,0
3827,809,Directed,13324,0
3827,2923,Directed,13325,0
1036,2962,Directed,13363,0
3520,2962,Directed,13370,0
3520,3827,Directed,13371,0
3520,1036,Directed,13372,0
3520,809,Directed,13373,0
1616,171,Directed,13376,0
1616,2619,Directed,13377,0
1349,701,Directed,13385,0
1349,615,Directed,13386,0
1349,1540,Directed,13387,0
1349,27,Directed,13388,0
1349,1026,Directed,13389,0
1349,1476,Directed,13390,0
1349,3964,Directed,13391,0
3443,2619,Directed,13400,0
514,2619,Directed,13403,0
698,779,Directed,13428,0
2036,779,Directed,13434,0
674,2619,Directed,13449,0
503,228,Directed,13490,0
111,324,Directed,13492,0
111,2996,Directed,13493,0
111,1931,Directed,13494,0
111,1619,Directed,13495,0
111,622,Directed,13496,0
111,3945,Directed,13497,0
111,3101,Directed,13498,0
111,2184,Directed,13499,0
3934,223,Directed,13501,0
3934,189,Directed,13502,0
1571,3101,Directed,13510,0
1571,2900,Directed,13511,0
1571,1557,Directed,13512,0
1571,1545,Directed,13513,0
3630,1557,Directed,13520,0
3630,3101,Directed,13521,0
3630,1545,Directed,13522,0
3630,1571,Directed,13523,0
622,2758,Directed,13546,0
622,2900,Directed,13547,0
622,662,Directed,13548,0
622,3101,Directed,13549,0
3834,3101,Directed,13573,0
3834,2900,Directed,13574,0
3834,2758,Directed,13575,0
3834,662,Directed,13576,0
2766,3834,Directed,13588,0
2766,3101,Directed,13589,0
2766,622,Directed,13590,0
5,3101,Directed,13593,0
3658,1121,Directed,13603,0
3658,171,Directed,13604,0
3658,624,Directed,13605,0
1461,2063,Directed,13614,0
1461,3211,Directed,13615,0
1461,1768,Directed,13616,0
1461,2530,Directed,13617,0
1461,387,Directed,13618,0
1461,3656,Directed,13619,0
1461,2985,Directed,13620,0
1461,171,Directed,13621,0
1461,2769,Directed,13622,0
1461,223,Directed,13623,0
1461,1512,Directed,13624,0
1461,4049,Directed,13625,0
1461,3468,Directed,13626,0
1461,3159,Directed,13627,0
1461,734,Directed,13628,0
1461,3630,Directed,13629,0
1846,171,Directed,13630,0
4010,2441,Directed,13637,0
4010,3101,Directed,13638,0
4010,470,Directed,13639,0
4010,2207,Directed,13640,0
4010,1849,Directed,13641,0
4010,734,Directed,13642,0
4010,1557,Directed,13643,0
4010,1393,Directed,13644,0
4010,2530,Directed,13645,0
4010,1768,Directed,13646,0
4010,1545,Directed,13647,0
4010,2165,Directed,13648,0
4010,2769,Directed,13649,0
3957,3101,Directed,13658,0
3458,1004,Directed,13660,0
3458,1882,Directed,13661,0
1882,202,Directed,13669,0
1882,1670,Directed,13670,0
1882,828,Directed,13671,0
1882,3101,Directed,13672,0
1004,1670,Directed,13681,0
1004,202,Directed,13682,0
1004,3101,Directed,13683,0
1004,3957,Directed,13684,0
1004,828,Directed,13685,0
1121,1001,Directed,13690,0
1121,2695,Directed,13691,0
1121,3101,Directed,13692,0
1121,3262,Directed,13693,0
1121,171,Directed,13694,0
2695,3101,Directed,13698,0
2695,2900,Directed,13699,0
2695,1849,Directed,13700,0
2121,1151,Directed,13702,0
1980,1151,Directed,13704,0
3406,1151,Directed,13706,0
734,1849,Directed,13709,0
734,1980,Directed,13710,0
734,2121,Directed,13711,0
734,171,Directed,13712,0
734,1151,Directed,13713,0
734,1716,Directed,13714,0
734,3393,Directed,13715,0
734,2207,Directed,13716,0
2985,1545,Directed,13719,0
2985,1151,Directed,13720,0
2985,1557,Directed,13721,0
2985,3393,Directed,13722,0
2985,1512,Directed,13723,0
2985,3680,Directed,13724,0
2985,223,Directed,13725,0
3159,1545,Directed,13733,0
3159,3101,Directed,13734,0
3159,1557,Directed,13735,0
3159,1847,Directed,13736,0
3159,1670,Directed,13737,0
2366,2058,Directed,13739,0
2366,3945,Directed,13740,0
2366,3101,Directed,13741,0
2366,472,Directed,13742,0
2366,324,Directed,13743,0
3276,3059,Directed,13761,0
3276,299,Directed,13762,0
14,2144,Directed,13812,0
14,836,Directed,13813,0
3574,3666,Directed,13873,0
3574,2337,Directed,13874,0
3574,590,Directed,13875,0
3574,3648,Directed,13876,0
3574,384,Directed,13877,0
3574,939,Directed,13878,0
3574,863,Directed,13879,0
3574,626,Directed,13880,0
3574,2144,Directed,13881,0
3574,2032,Directed,13882,0
1102,3101,Directed,13897,0
2757,3101,Directed,13911,0
1859,789,Directed,13965,0
1859,996,Directed,13966,0
1859,96,Directed,13967,0
3341,789,Directed,13974,0
3341,996,Directed,13975,0
3341,96,Directed,13976,0
968,3298,Directed,13979,0
968,1180,Directed,13980,0
833,96,Directed,13985,0
833,2866,Directed,13986,0
103,789,Directed,13989,0
103,96,Directed,13990,0
103,996,Directed,13991,0
3130,781,Directed,13994,0
440,781,Directed,13997,0
1770,781,Directed,14000,0
2892,781,Directed,14003,0
1486,3101,Directed,14006,0
1486,76,Directed,14007,0
465,76,Directed,14010,0
465,3101,Directed,14011,0
3817,3101,Directed,14014,0
3817,76,Directed,14015,0
751,3101,Directed,14018,0
751,76,Directed,14019,0
3195,2527,Directed,14038,0
918,1768,Directed,14043,0
918,1545,Directed,14044,0
918,470,Directed,14045,0
918,2769,Directed,14046,0
918,3101,Directed,14047,0
1733,257,Directed,14058,0
695,2165,Directed,14061,0
695,2769,Directed,14062,0
695,470,Directed,14063,0
695,3101,Directed,14064,0
41,3101,Directed,14076,0
954,96,Directed,14082,0
2277,2822,Directed,14083,0
2277,3108,Directed,14084,0
2277,3610,Directed,14085,0
2277,2371,Directed,14086,0
2277,2836,Directed,14087,0
2277,2980,Directed,14088,0
2277,3271,Directed,14089,0
2277,2544,Directed,14090,0
2277,323,Directed,14091,0
3426,3834,Directed,14094,0
3426,622,Directed,14095,0
2305,3834,Directed,14103,0
2305,622,Directed,14104,0
1839,622,Directed,14106,0
663,3834,Directed,14109,0
663,622,Directed,14110,0
2181,3834,Directed,14116,0
660,2766,Directed,14119,0
660,622,Directed,14120,0
3027,2900,Directed,14121,0
3027,93,Directed,14122,0
3027,3818,Directed,14123,0
3027,462,Directed,14124,0
3027,1608,Directed,14125,0
3027,3246,Directed,14126,0
3027,3258,Directed,14127,0
3027,1071,Directed,14128,0
3027,1097,Directed,14129,0
3027,171,Directed,14130,0
3027,1546,Directed,14131,0
3027,3203,Directed,14132,0
3027,3924,Directed,14133,0
3027,4049,Directed,14134,0
3027,844,Directed,14135,0
3027,2921,Directed,14136,0
3027,1215,Directed,14137,0
3027,739,Directed,14138,0
3027,1418,Directed,14139,0
3027,1978,Directed,14140,0
3027,2416,Directed,14141,0
3027,2480,Directed,14142,0
3027,387,Directed,14143,0
3027,2622,Directed,14144,0
3027,2975,Directed,14145,0
3027,1353,Directed,14146,0
3088,622,Directed,14148,0
3088,223,Directed,14149,0
3088,3599,Directed,14150,0
3088,2213,Directed,14151,0
3088,89,Directed,14152,0
3088,696,Directed,14153,0
3088,2900,Directed,14154,0
3088,323,Directed,14155,0
3088,1121,Directed,14156,0
3088,1554,Directed,14157,0
3088,4020,Directed,14158,0
3088,1488,Directed,14159,0
3088,642,Directed,14160,0
3088,697,Directed,14161,0
3088,1399,Directed,14162,0
3088,2699,Directed,14163,0
3088,470,Directed,14164,0
3088,500,Directed,14165,0
3088,3834,Directed,14166,0
3088,847,Directed,14167,0
3088,3194,Directed,14168,0
3088,568,Directed,14169,0
3088,1869,Directed,14170,0
3088,1574,Directed,14171,0
3088,1906,Directed,14172,0
3088,3691,Directed,14173,0
3088,2062,Directed,14174,0
3088,2945,Directed,14175,0
3088,1914,Directed,14176,0
3088,2833,Directed,14177,0
3088,3118,Directed,14178,0
3088,4049,Directed,14179,0
3088,1468,Directed,14180,0
3088,3725,Directed,14181,0
3088,1881,Directed,14182,0
3088,3101,Directed,14183,0
3088,1402,Directed,14184,0
3088,3830,Directed,14185,0
3088,2959,Directed,14186,0
3088,23,Directed,14187,0
3088,3576,Directed,14188,0
3088,1846,Directed,14189,0
3088,1999,Directed,14190,0
3088,3658,Directed,14191,0
3088,301,Directed,14192,0
3088,606,Directed,14193,0
3088,387,Directed,14194,0
3088,3497,Directed,14195,0
3212,1616,Directed,14199,0
3212,688,Directed,14200,0
1554,3016,Directed,14213,0
1554,2769,Directed,14214,0
1554,1515,Directed,14215,0
1554,3101,Directed,14216,0
1554,2784,Directed,14217,0
1554,322,Directed,14218,0
1554,868,Directed,14219,0
1554,141,Directed,14220,0
1554,2781,Directed,14221,0
1554,171,Directed,14222,0
1554,3780,Directed,14223,0
1554,2684,Directed,14224,0
1201,2769,Directed,14226,0
1201,1430,Directed,14227,0
1201,3101,Directed,14228,0
1201,2165,Directed,14229,0
1201,1292,Directed,14230,0
1201,1768,Directed,14231,0
1201,470,Directed,14232,0
1201,1545,Directed,14233,0
152,2165,Directed,14243,0
152,1545,Directed,14244,0
152,2619,Directed,14245,0
152,1768,Directed,14246,0
152,2769,Directed,14247,0
152,470,Directed,14248,0
781,2900,Directed,14258,0
781,2619,Directed,14259,0
781,1849,Directed,14260,0
1646,1036,Directed,14264,0
1646,702,Directed,14265,0
1646,2962,Directed,14266,0
2673,4060,Directed,14312,0
2673,944,Directed,14313,0
2673,4018,Directed,14314,0
2673,3548,Directed,14315,0
13,1646,Directed,14321,0
13,683,Directed,14322,0
2213,3834,Directed,14324,0
1045,3101,Directed,14330,0
2959,387,Directed,14363,0
2959,4049,Directed,14364,0
2959,223,Directed,14365,0
2959,1295,Directed,14366,0
322,3101,Directed,14371,0
322,1545,Directed,14372,0
141,1545,Directed,14384,0
1515,1545,Directed,14396,0
2781,1545,Directed,14413,0
2781,3101,Directed,14414,0
1833,996,Directed,14420,0
1833,96,Directed,14421,0
1833,789,Directed,14422,0
1682,3208,Directed,14432,0
3358,622,Directed,14435,0
551,3101,Directed,14444,0
551,3620,Directed,14445,0
1159,3620,Directed,14452,0
1159,3101,Directed,14453,0
2930,1931,Directed,14455,0
2930,2184,Directed,14456,0
2930,324,Directed,14457,0
2930,3101,Directed,14458,0
2930,1619,Directed,14459,0
2930,3945,Directed,14460,0
2930,2996,Directed,14461,0
3653,223,Directed,14464,0
3653,189,Directed,14465,0
490,1305,Directed,14559,0
490,2004,Directed,14560,0
490,386,Directed,14561,0
490,3587,Directed,14562,0
490,1213,Directed,14563,0
490,3122,Directed,14564,0
490,2680,Directed,14565,0
490,1170,Directed,14566,0
490,404,Directed,14567,0
490,4017,Directed,14568,0
490,3637,Directed,14569,0
490,1668,Directed,14570,0
490,3496,Directed,14571,0
490,735,Directed,14572,0
490,1743,Directed,14573,0
2705,3648,Directed,14670,0
2705,3666,Directed,14671,0
2705,384,Directed,14672,0
2705,1967,Directed,14673,0
2705,2426,Directed,14674,0
2705,626,Directed,14675,0
2705,863,Directed,14676,0
2074,2716,Directed,14727,0
2074,2295,Directed,14728,0
2074,3064,Directed,14729,0
93,1792,Directed,14730,0
2745,202,Directed,14776,0
2745,1399,Directed,14777,0
2745,1670,Directed,14778,0
1399,1670,Directed,14784,0
1399,202,Directed,14785,0
1407,2237,Directed,14788,0
1236,796,Directed,14793,0
1236,707,Directed,14794,0
1236,2644,Directed,14795,0
1236,3226,Directed,14796,0
1236,2868,Directed,14797,0
497,2015,Directed,14809,0
3782,3101,Directed,14818,0
929,3101,Directed,14825,0
929,2718,Directed,14826,0
929,3399,Directed,14827,0
929,1407,Directed,14828,0
929,2420,Directed,14829,0
929,3088,Directed,14830,0
929,2276,Directed,14831,0
929,3045,Directed,14832,0
929,260,Directed,14833,0
929,529,Directed,14834,0
929,3708,Directed,14835,0
929,3172,Directed,14836,0
929,891,Directed,14837,0
929,2631,Directed,14838,0
929,3537,Directed,14839,0
929,2421,Directed,14840,0
929,2232,Directed,14841,0
929,3328,Directed,14842,0
929,708,Directed,14843,0
929,502,Directed,14844,0
929,1163,Directed,14845,0
929,2900,Directed,14846,0
929,3837,Directed,14847,0
929,3554,Directed,14848,0
929,3027,Directed,14849,0
929,2237,Directed,14850,0
929,2679,Directed,14851,0
929,2274,Directed,14852,0
929,519,Directed,14853,0
3072,3537,Directed,14859,0
3072,3172,Directed,14860,0
3072,2420,Directed,14861,0
3072,3554,Directed,14862,0
3072,3088,Directed,14863,0
3072,1333,Directed,14864,0
3072,2900,Directed,14865,0
3072,260,Directed,14866,0
3072,529,Directed,14867,0
3072,891,Directed,14868,0
3072,2718,Directed,14869,0
3072,1236,Directed,14870,0
3072,2232,Directed,14871,0
3072,2631,Directed,14872,0
3072,2421,Directed,14873,0
3072,2177,Directed,14874,0
3072,51,Directed,14875,0
3072,519,Directed,14876,0
3072,3101,Directed,14877,0
3072,650,Directed,14878,0
3072,716,Directed,14879,0
3072,502,Directed,14880,0
3072,3027,Directed,14881,0
3072,3494,Directed,14882,0
3072,708,Directed,14883,0
3072,3045,Directed,14884,0
2161,2206,Directed,14888,0
216,2751,Directed,14895,0
216,1171,Directed,14896,0
216,2237,Directed,14897,0
216,2955,Directed,14898,0
216,3782,Directed,14899,0
216,2900,Directed,14900,0
216,891,Directed,14901,0
216,3172,Directed,14902,0
216,223,Directed,14903,0
216,4049,Directed,14904,0
216,2631,Directed,14905,0
216,3328,Directed,14906,0
216,2232,Directed,14907,0
216,2421,Directed,14908,0
216,3576,Directed,14909,0
216,512,Directed,14910,0
216,3101,Directed,14911,0
216,387,Directed,14912,0
216,1908,Directed,14913,0
216,2420,Directed,14914,0
216,529,Directed,14915,0
216,3436,Directed,14916,0
216,260,Directed,14917,0
216,3045,Directed,14918,0
843,3172,Directed,14923,0
843,2751,Directed,14924,0
843,512,Directed,14925,0
843,2420,Directed,14926,0
843,387,Directed,14927,0
843,260,Directed,14928,0
843,2900,Directed,14929,0
843,891,Directed,14930,0
843,2232,Directed,14931,0
843,4049,Directed,14932,0
843,529,Directed,14933,0
843,3436,Directed,14934,0
843,2631,Directed,14935,0
843,2421,Directed,14936,0
843,223,Directed,14937,0
843,3576,Directed,14938,0
843,3101,Directed,14939,0
843,51,Directed,14940,0
843,3782,Directed,14941,0
843,1171,Directed,14942,0
843,3494,Directed,14943,0
843,1908,Directed,14944,0
843,3045,Directed,14945,0
2143,3840,Directed,14950,0
3490,324,Directed,14952,0
3490,2996,Directed,14953,0
3490,622,Directed,14954,0
3490,1619,Directed,14955,0
3490,1931,Directed,14956,0
3490,3945,Directed,14957,0
3490,3101,Directed,14958,0
3490,2184,Directed,14959,0
3608,223,Directed,14961,0
3608,189,Directed,14962,0
2758,1849,Directed,14976,0
2758,2900,Directed,14977,0
2758,3101,Directed,14978,0
3262,3101,Directed,14980,0
662,3101,Directed,14984,0
373,3101,Directed,14992,0
3340,2784,Directed,14994,0
3340,3730,Directed,14995,0
3340,2165,Directed,14996,0
3340,3751,Directed,14997,0
3340,470,Directed,14998,0
3340,2769,Directed,14999,0
3217,3101,Directed,15123,0
1765,1145,Directed,15148,0
1145,1151,Directed,15167,0
1145,2619,Directed,15168,0
1063,185,Directed,15183,0
1063,3443,Directed,15184,0
1063,171,Directed,15185,0
1063,364,Directed,15186,0
1063,56,Directed,15187,0
1063,2619,Directed,15188,0
1430,868,Directed,15194,0
2165,1430,Directed,15200,0
2214,2619,Directed,15213,0
2214,868,Directed,15214,0
1455,2165,Directed,15230,0
1455,3209,Directed,15231,0
1455,2043,Directed,15232,0
1801,3369,Directed,15240,0
1801,1455,Directed,15241,0
1393,868,Directed,15249,0
1077,1300,Directed,15262,0
1077,2619,Directed,15263,0
1077,1393,Directed,15264,0
2603,1300,Directed,15272,0
2603,2619,Directed,15273,0
2603,1393,Directed,15274,0
1688,1393,Directed,15283,0
1688,2619,Directed,15284,0
3289,1393,Directed,15293,0
1703,1393,Directed,15303,0
1703,88,Directed,15304,0
1703,2071,Directed,15305,0
1703,1300,Directed,15306,0
1703,2619,Directed,15307,0
1703,1063,Directed,15308,0
1703,2569,Directed,15309,0
558,2619,Directed,15317,0
558,1300,Directed,15318,0
558,1393,Directed,15319,0
417,88,Directed,15329,0
417,1393,Directed,15330,0
417,1063,Directed,15331,0
417,2569,Directed,15332,0
417,1300,Directed,15333,0
417,2071,Directed,15334,0
417,2619,Directed,15335,0
1354,1300,Directed,15343,0
1354,2619,Directed,15344,0
1354,1393,Directed,15345,0
3092,1393,Directed,15355,0
3092,88,Directed,15356,0
3092,2619,Directed,15357,0
3092,2071,Directed,15358,0
3092,1300,Directed,15359,0
3092,2569,Directed,15360,0
3092,1063,Directed,15361,0
3039,1393,Directed,15370,0
3039,2619,Directed,15371,0
2000,1393,Directed,15380,0
2330,2619,Directed,15394,0
2330,1300,Directed,15395,0
2330,2071,Directed,15396,0
2330,2569,Directed,15397,0
2330,1063,Directed,15398,0
2330,1393,Directed,15399,0
2330,88,Directed,15400,0
3001,2619,Directed,15408,0
3001,1300,Directed,15409,0
3001,1393,Directed,15410,0
1576,2569,Directed,15424,0
1576,1063,Directed,15425,0
1576,2619,Directed,15426,0
1576,2071,Directed,15427,0
1576,1300,Directed,15428,0
1576,88,Directed,15429,0
1576,1393,Directed,15430,0
1994,1300,Directed,15438,0
1994,2619,Directed,15439,0
1994,1393,Directed,15440,0
665,1393,Directed,15449,0
3642,2569,Directed,15458,0
3642,1063,Directed,15459,0
3642,2619,Directed,15460,0
3642,2071,Directed,15461,0
3642,1300,Directed,15462,0
3642,88,Directed,15463,0
3642,1393,Directed,15464,0
877,1300,Directed,15472,0
877,2619,Directed,15473,0
877,1393,Directed,15474,0
3261,88,Directed,15483,0
3261,1393,Directed,15484,0
3261,1063,Directed,15485,0
3261,2569,Directed,15486,0
3261,1300,Directed,15487,0
3261,2071,Directed,15488,0
3261,2619,Directed,15489,0
1303,1393,Directed,15497,0
1303,1300,Directed,15498,0
1303,2619,Directed,15499,0
1768,2784,Directed,15506,0
1716,2619,Directed,15510,0
2769,2619,Directed,15515,0
3725,2996,Directed,15532,0
3725,2058,Directed,15533,0
3725,3101,Directed,15534,0
3725,2184,Directed,15535,0
3725,324,Directed,15536,0
3725,1931,Directed,15537,0
3725,3945,Directed,15538,0
3830,223,Directed,15541,0
3830,189,Directed,15542,0
1049,3101,Directed,15588,0
219,3101,Directed,15648,0
1807,1824,Directed,15655,0
1807,337,Directed,15656,0
1807,3564,Directed,15657,0
1807,3760,Directed,15658,0
1807,1365,Directed,15659,0
1318,4053,Directed,15673,0
3904,2769,Directed,15951,0
3904,470,Directed,15952,0
3904,2214,Directed,15953,0
3904,1545,Directed,15954,0
3904,3101,Directed,15955,0
1285,3101,Directed,15961,0
758,3101,Directed,15974,0
129,3101,Directed,15988,0
129,3620,Directed,15989,0
793,3101,Directed,15998,0
793,3620,Directed,15999,0
925,3101,Directed,16006,0
3765,3101,Directed,16014,0
3578,1742,Directed,16030,0
3578,72,Directed,16031,0
3578,3101,Directed,16032,0
3578,2630,Directed,16033,0
1684,4049,Directed,16086,0
1684,387,Directed,16087,0
548,387,Directed,16122,0
548,4049,Directed,16123,0
3513,631,Directed,16160,0
795,3101,Directed,16231,0
795,1735,Directed,16232,0
795,3276,Directed,16233,0
915,4049,Directed,16343,0
915,1735,Directed,16344,0
915,3101,Directed,16345,0
915,1709,Directed,16346,0
915,387,Directed,16347,0
568,2214,Directed,16398,0
568,1768,Directed,16399,0
568,2007,Directed,16400,0
568,301,Directed,16401,0
568,470,Directed,16402,0
568,3101,Directed,16403,0
568,1545,Directed,16404,0
568,2769,Directed,16405,0
1698,3101,Directed,16410,0
1698,1545,Directed,16411,0
1225,3101,Directed,16416,0
1225,1545,Directed,16417,0
1734,3101,Directed,16422,0
1734,1545,Directed,16423,0
329,472,Directed,16425,0
329,324,Directed,16426,0
329,3945,Directed,16427,0
329,3101,Directed,16428,0
329,1619,Directed,16429,0
847,3322,Directed,16431,0
847,2513,Directed,16432,0
847,2655,Directed,16433,0
847,1041,Directed,16434,0
847,3138,Directed,16435,0
847,1504,Directed,16436,0
847,2165,Directed,16437,0
847,2769,Directed,16438,0
847,3968,Directed,16439,0
847,2731,Directed,16440,0
847,470,Directed,16441,0
847,1018,Directed,16442,0
847,1648,Directed,16443,0
847,3571,Directed,16444,0
847,1430,Directed,16445,0
847,1768,Directed,16446,0
847,2701,Directed,16447,0
847,1185,Directed,16448,0
847,2017,Directed,16449,0
847,2834,Directed,16450,0
847,2634,Directed,16451,0
847,1565,Directed,16452,0
1054,1545,Directed,16454,0
3633,1545,Directed,16456,0
2865,2192,Directed,16462,0
439,3101,Directed,16467,0
439,2867,Directed,16468,0
439,1270,Directed,16469,0
1270,340,Directed,16474,0
1270,1545,Directed,16475,0
1270,3101,Directed,16476,0
2867,340,Directed,16481,0
2867,1545,Directed,16482,0
2867,3101,Directed,16483,0
1960,1036,Directed,16486,0
1960,2962,Directed,16487,0
1960,702,Directed,16488,0
1960,1732,Directed,16489,0
1340,2934,Directed,16496,0
2842,2934,Directed,16502,0
3313,2934,Directed,16507,0
3229,2934,Directed,16512,0
4063,2934,Directed,16521,0
2087,1151,Directed,16523,0
1176,1151,Directed,16525,0
2818,1151,Directed,16527,0
1330,2359,Directed,16530,0
1330,1238,Directed,16531,0
1330,2861,Directed,16532,0
1330,4007,Directed,16533,0
2359,3101,Directed,16535,0
2359,2053,Directed,16536,0
2861,3101,Directed,16538,0
2861,223,Directed,16539,0
2861,2053,Directed,16540,0
2861,3910,Directed,16541,0
2861,1850,Directed,16542,0
1574,1768,Directed,16544,0
3953,2007,Directed,16547,0
3953,1849,Directed,16548,0
2504,2818,Directed,16550,0
2504,1849,Directed,16551,0
2504,3393,Directed,16552,0
2504,2087,Directed,16553,0
2504,2207,Directed,16554,0
2504,1176,Directed,16555,0
2504,1151,Directed,16556,0
1186,2530,Directed,16558,0
642,3101,Directed,16562,0
642,2429,Directed,16563,0
642,470,Directed,16564,0
1906,2769,Directed,16568,0
1906,1716,Directed,16569,0
23,3953,Directed,16572,0
23,1574,Directed,16573,0
23,1330,Directed,16574,0
23,3085,Directed,16575,0
23,4010,Directed,16576,0
23,1906,Directed,16577,0
23,1894,Directed,16578,0
23,2899,Directed,16579,0
23,1395,Directed,16580,0
1238,3945,Directed,16587,0
1238,3101,Directed,16588,0
1238,324,Directed,16589,0
1238,1619,Directed,16590,0
2429,324,Directed,16592,0
2429,472,Directed,16593,0
697,1574,Directed,16598,0
697,1186,Directed,16599,0
697,2504,Directed,16600,0
697,1894,Directed,16601,0
697,3118,Directed,16602,0
697,1906,Directed,16603,0
697,3085,Directed,16604,0
697,565,Directed,16605,0
697,4010,Directed,16606,0
697,2899,Directed,16607,0
2807,324,Directed,16609,0
2807,472,Directed,16610,0
3194,107,Directed,16613,0
3194,3876,Directed,16614,0
3194,1517,Directed,16615,0
1520,3653,Directed,16630,0
3691,2930,Directed,16632,0
3691,3101,Directed,16633,0
1300,2619,Directed,16645,0
1300,3209,Directed,16646,0
1300,301,Directed,16647,0
1517,668,Directed,16663,0
1690,1551,Directed,16687,0
1690,2223,Directed,16688,0
1690,1961,Directed,16689,0
1690,3788,Directed,16690,0
1690,726,Directed,16691,0
1690,3073,Directed,16692,0
1690,3006,Directed,16693,0
1690,575,Directed,16694,0
1961,2264,Directed,16707,0
1961,2730,Directed,16708,0
2264,398,Directed,16729,0
2264,44,Directed,16730,0
3788,2690,Directed,16761,0
3788,986,Directed,16762,0
986,3720,Directed,16781,0
986,2964,Directed,16782,0
3006,276,Directed,16816,0
3006,572,Directed,16817,0
276,327,Directed,16844,0
276,2708,Directed,16845,0
2223,656,Directed,16883,0
2223,1508,Directed,16884,0
1508,991,Directed,16907,0
1508,2460,Directed,16908,0
3820,3814,Directed,16980,0
3820,680,Directed,16981,0
3820,250,Directed,16982,0
680,3065,Directed,16998,0
680,3169,Directed,16999,0
3065,3547,Directed,17027,0
3065,492,Directed,17028,0
250,1387,Directed,17075,0
250,2490,Directed,17076,0
250,2085,Directed,17077,0
1387,2771,Directed,17112,0
1387,766,Directed,17113,0
1972,3964,Directed,17195,0
1972,27,Directed,17196,0
1972,1540,Directed,17197,0
1972,2399,Directed,17198,0
3876,3101,Directed,17200,0
4014,3101,Directed,17208,0
2763,223,Directed,17210,0
2763,819,Directed,17211,0
2822,1199,Directed,17218,0
2822,3880,Directed,17219,0
2822,3831,Directed,17220,0
2822,3884,Directed,17221,0
1792,2619,Directed,17222,0
3610,3101,Directed,17229,0
3610,3884,Directed,17230,0
3610,1199,Directed,17231,0
3610,3880,Directed,17232,0
3610,3831,Directed,17233,0
2544,3880,Directed,17240,0
2544,3831,Directed,17241,0
2544,1199,Directed,17242,0
2544,3884,Directed,17243,0
2259,3101,Directed,17247,0
2980,3831,Directed,17255,0
2980,3880,Directed,17256,0
2980,1199,Directed,17257,0
2980,3884,Directed,17258,0
2980,3101,Directed,17259,0
1549,3101,Directed,17278,0
2244,62,Directed,17294,0
2244,998,Directed,17295,0
2244,2969,Directed,17296,0
1993,1545,Directed,17304,0
3274,1545,Directed,17312,0
1185,772,Directed,17314,0
772,210,Directed,17316,0
2548,3101,Directed,17342,0
4020,470,Directed,17368,0
4020,1545,Directed,17369,0
4020,2769,Directed,17370,0
4020,1768,Directed,17371,0
1881,1768,Directed,17403,0
1881,2769,Directed,17404,0
1881,1545,Directed,17405,0
1881,470,Directed,17406,0
863,725,Directed,17443,0
1135,3101,Directed,17496,0
1135,3301,Directed,17497,0
401,2295,Directed,17557,0
401,3101,Directed,17558,0
1521,3101,Directed,17734,0
1924,4049,Directed,17815,0
1924,387,Directed,17816,0
1924,1599,Directed,17817,0
3215,924,Directed,17820,0
3215,1768,Directed,17821,0
3215,3195,Directed,17822,0
3215,3904,Directed,17823,0
3215,3101,Directed,17824,0
3215,1545,Directed,17825,0
3215,470,Directed,17826,0
3215,2769,Directed,17827,0
4019,3101,Directed,17831,0
4019,1045,Directed,17832,0
4019,470,Directed,17833,0
4019,1768,Directed,17834,0
4019,3578,Directed,17835,0
4019,329,Directed,17836,0
4019,2165,Directed,17837,0
4019,3904,Directed,17838,0
4019,1545,Directed,17839,0
4019,2769,Directed,17840,0
1893,1761,Directed,17918,0
1893,3820,Directed,17919,0
1893,1271,Directed,17920,0
1893,4049,Directed,17921,0
1893,387,Directed,17922,0
1893,1607,Directed,17923,0
1893,1690,Directed,17924,0
1893,548,Directed,17925,0
1893,198,Directed,17926,0
1893,1684,Directed,17927,0
1893,3970,Directed,17928,0
1761,387,Directed,17966,0
1761,4049,Directed,17967,0
590,3101,Directed,18002,0
590,4066,Directed,18003,0
4066,2295,Directed,18038,0
4066,1692,Directed,18039,0
2962,2923,Directed,18091,0
2884,1732,Directed,18114,0
2884,3816,Directed,18115,0
2884,2962,Directed,18116,0
2884,683,Directed,18117,0
2884,1701,Directed,18118,0
2884,1006,Directed,18119,0
2884,3409,Directed,18120,0
2884,1036,Directed,18121,0
2884,983,Directed,18122,0
2884,2498,Directed,18123,0
2884,2923,Directed,18124,0
2884,415,Directed,18125,0
2884,1762,Directed,18126,0
2440,4043,Directed,18131,0
2440,2094,Directed,18132,0
4007,3101,Directed,18134,0
4007,107,Directed,18135,0
2094,3686,Directed,18139,0
2094,2934,Directed,18140,0
4043,2934,Directed,18144,0
1148,1599,Directed,18174,0
2345,1599,Directed,18185,0
1909,1599,Directed,18192,0
3481,1599,Directed,18200,0
3234,3946,Directed,18281,0
3234,3206,Directed,18282,0
3234,2548,Directed,18283,0
3234,3732,Directed,18284,0
3234,3101,Directed,18285,0
1581,1545,Directed,18287,0
1581,1768,Directed,18288,0
1581,3101,Directed,18289,0
1581,2769,Directed,18290,0
1581,470,Directed,18291,0
2362,223,Directed,18406,0
2362,3101,Directed,18407,0
939,3101,Directed,18446,0
844,470,Directed,18451,0
844,1768,Directed,18452,0
844,3101,Directed,18453,0
844,2120,Directed,18454,0
844,2831,Directed,18455,0
844,2769,Directed,18456,0
844,2214,Directed,18457,0
844,1341,Directed,18458,0
844,3369,Directed,18459,0
844,1280,Directed,18460,0
844,340,Directed,18461,0
844,1545,Directed,18462,0
844,1590,Directed,18463,0
2921,1545,Directed,18469,0
2921,3101,Directed,18470,0
2921,1768,Directed,18471,0
2921,470,Directed,18472,0
2921,2214,Directed,18473,0
2921,2769,Directed,18474,0
462,1768,Directed,18480,0
462,470,Directed,18481,0
462,3101,Directed,18482,0
462,1545,Directed,18483,0
462,2214,Directed,18484,0
462,2769,Directed,18485,0
462,3369,Directed,18486,0
462,1341,Directed,18487,0
2480,1545,Directed,18490,0
2480,2214,Directed,18491,0
2480,2769,Directed,18492,0
2480,470,Directed,18493,0
2480,1768,Directed,18494,0
2480,3101,Directed,18495,0
2831,3026,Directed,18500,0
2831,1545,Directed,18501,0
2831,340,Directed,18502,0
2831,3101,Directed,18503,0
2831,2007,Directed,18504,0
1590,1430,Directed,18509,0
1590,1545,Directed,18510,0
1590,340,Directed,18511,0
1590,3101,Directed,18512,0
1590,2007,Directed,18513,0
1280,340,Directed,18516,0
454,3827,Directed,18551,0
2816,258,Directed,18625,0
2816,76,Directed,18626,0
2816,223,Directed,18627,0
2816,3101,Directed,18628,0
530,76,Directed,18631,0
530,3101,Directed,18632,0
530,258,Directed,18633,0
530,223,Directed,18634,0
782,258,Directed,18637,0
782,76,Directed,18638,0
782,3101,Directed,18639,0
2225,2619,Directed,18650,0
3517,2619,Directed,18654,0
1088,2425,Directed,18657,0
1088,2428,Directed,18658,0
1088,257,Directed,18659,0
1088,2937,Directed,18660,0
1088,1347,Directed,18661,0
2269,3101,Directed,18666,0
2269,2259,Directed,18667,0
1204,3500,Directed,18671,0
1204,2259,Directed,18672,0
3500,3101,Directed,18675,0
2547,3101,Directed,18683,0
2476,219,Directed,18733,0
2476,569,Directed,18734,0
2476,2757,Directed,18735,0
2476,1102,Directed,18736,0
1220,3122,Directed,18854,0
1220,223,Directed,18855,0
1220,1743,Directed,18856,0
1220,2680,Directed,18857,0
1220,3101,Directed,18858,0
1220,735,Directed,18859,0
1220,404,Directed,18860,0
1220,3637,Directed,18861,0
1220,3587,Directed,18862,0
1220,2004,Directed,18863,0
1220,2275,Directed,18864,0
1220,386,Directed,18865,0
1220,1305,Directed,18866,0
1220,4017,Directed,18867,0
1220,3496,Directed,18868,0
1220,1213,Directed,18869,0
1220,1170,Directed,18870,0
1220,1668,Directed,18871,0
1097,1768,Directed,18875,0
1097,1545,Directed,18876,0
1097,2769,Directed,18877,0
1097,470,Directed,18878,0
1097,1430,Directed,18879,0
1097,2165,Directed,18880,0
1097,2214,Directed,18881,0
1097,3101,Directed,18882,0
1010,223,Directed,18936,0
1010,1049,Directed,18937,0
538,472,Directed,18939,0
538,3945,Directed,18940,0
538,324,Directed,18941,0
538,2058,Directed,18942,0
538,3101,Directed,18943,0
1510,3101,Directed,19021,0
1170,719,Directed,19086,0
1592,1849,Directed,19104,0
1592,171,Directed,19105,0
1592,2751,Directed,19106,0
1592,3101,Directed,19107,0
1592,2587,Directed,19108,0
